team_en,team_zh,player_name,position,caps,goals,goal_rate,recent_form_score
Mexico,墨西哥,Raul Jimenez,Forward,105,33,0.314,7.4
Mexico,墨西哥,Hirving Lozano,Forward,70,18,0.257,7.7
Mexico,墨西哥,Edson Alvarez,Midfielder,79,5,0.063,7.8
South Africa,南非,Percy Tau,Forward,48,15,0.313,7.5
South Africa,南非,Teboho Mokoena,Midfielder,38,5,0.132,7.4
South Africa,南非,Ronwen Williams,Goalkeeper,46,0,0.000,7.6
South Korea,南韓,Son Heung-min,Forward,127,44,0.346,8.5
South Korea,南韓,Hwang Hee-chan,Forward,66,14,0.212,7.8
South Korea,南韓,Lee Kang-in,Midfielder,35,10,0.286,7.9
Czechia,捷克,Patrik Schick,Forward,42,20,0.476,8.0
Czechia,捷克,Tomas Soucek,Midfielder,75,14,0.187,7.7
Czechia,捷克,Adam Hlozek,Forward,35,2,0.057,7.2
Canada,加拿大,Jonathan David,Forward,53,28,0.528,8.1
Canada,加拿大,Alphonso Davies,Defender,53,15,0.283,8.0
Canada,加拿大,Cyle Larin,Forward,70,30,0.429,7.5
Bosnia and Herzegovina,波士尼亞與赫塞哥維納,Edin Dzeko,Forward,135,66,0.489,7.7
Bosnia and Herzegovina,波士尼亞與赫塞哥維納,Miralem Pjanic,Midfielder,115,18,0.157,7.4
Bosnia and Herzegovina,波士尼亞與赫塞哥維納,Ermedin Demirovic,Forward,30,4,0.133,7.6
United States,美國,Christian Pulisic,Forward,68,29,0.426,8.3
United States,美國,Folarin Balogun,Forward,15,5,0.333,7.6
United States,美國,Weston McKennie,Midfielder,56,11,0.196,7.8
Paraguay,巴拉圭,Miguel Almiron,Midfielder,60,8,0.133,7.5
Paraguay,巴拉圭,Julio Enciso,Forward,20,3,0.150,7.4
Paraguay,巴拉圭,Gustavo Gomez,Defender,78,4,0.051,7.6
Qatar,卡達,Akram Afif,Forward,110,35,0.318,8.1
Qatar,卡達,Almoez Ali,Forward,100,46,0.460,7.8
Qatar,卡達,Hassan Al-Haydos,Midfielder,180,41,0.228,7.4
Switzerland,瑞士,Granit Xhaka,Midfielder,125,14,0.112,8.0
Switzerland,瑞士,Breel Embolo,Forward,70,15,0.214,7.7
Switzerland,瑞士,Xherdan Shaqiri,Midfielder,125,32,0.256,7.5
Brazil,巴西,Neymar,Forward,128,79,0.617,8.3
Brazil,巴西,Vinicius Junior,Forward,34,5,0.147,8.4
Brazil,巴西,Rodrygo,Forward,29,6,0.207,7.9
Morocco,摩洛哥,Youssef En-Nesyri,Forward,73,20,0.274,7.8
Morocco,摩洛哥,Hakim Ziyech,Midfielder,64,22,0.344,7.9
Morocco,摩洛哥,Achraf Hakimi,Defender,77,9,0.117,8.2
Haiti,海地,Duckens Nazon,Forward,68,36,0.529,7.6
Haiti,海地,Frantzdy Pierrot,Forward,32,18,0.563,7.4
Haiti,海地,Bryan Alceus,Midfielder,28,2,0.071,7.0
Scotland,蘇格蘭,Scott McTominay,Midfielder,55,11,0.200,8.0
Scotland,蘇格蘭,John McGinn,Midfielder,70,18,0.257,7.7
Scotland,蘇格蘭,Andy Robertson,Defender,75,3,0.040,7.8
Australia,澳洲,Mathew Leckie,Forward,80,14,0.175,7.3
Australia,澳洲,Jackson Irvine,Midfielder,70,11,0.157,7.5
Australia,澳洲,Mitchell Duke,Forward,40,11,0.275,7.2
Turkiye,土耳其,Hakan Calhanoglu,Midfielder,90,18,0.200,8.1
Turkiye,土耳其,Cenk Tosun,Forward,50,21,0.420,7.3
Turkiye,土耳其,Arda Guler,Midfielder,18,4,0.222,7.9
Ivory Coast,象牙海岸,Sebastien Haller,Forward,35,10,0.286,7.6
Ivory Coast,象牙海岸,Franck Kessie,Midfielder,75,11,0.147,7.8
Ivory Coast,象牙海岸,Simon Adingra,Forward,20,4,0.200,7.5
Ecuador,厄瓜多,Enner Valencia,Forward,85,41,0.482,7.7
Ecuador,厄瓜多,Moisés Caicedo,Midfielder,45,3,0.067,8.0
Ecuador,厄瓜多,Pervis Estupinan,Defender,40,4,0.100,7.6
Germany,德國,Thomas Muller,Forward,131,45,0.344,7.4
Germany,德國,Ilkay Gundogan,Midfielder,77,19,0.247,7.8
Germany,德國,Jamal Musiala,Midfielder,27,2,0.074,8.3
Curacao,庫拉索,Leandro Bacuna,Midfielder,45,15,0.333,7.2
Curacao,庫拉索,Juninho Bacuna,Midfielder,38,5,0.132,7.1
Curacao,庫拉索,Brandley Kuwas,Forward,35,6,0.171,7.0
Netherlands,荷蘭,Memphis Depay,Forward,95,45,0.474,7.8
Netherlands,荷蘭,Cody Gakpo,Forward,32,12,0.375,8.0
Netherlands,荷蘭,Frenkie de Jong,Midfielder,60,2,0.033,8.2
Japan,日本,Takumi Minamino,Midfielder,59,21,0.356,7.7
Japan,日本,Kaoru Mitoma,Forward,22,8,0.364,8.2
Japan,日本,Takefusa Kubo,Midfielder,33,5,0.152,7.9
Sweden,瑞典,Alexander Isak,Forward,45,12,0.267,8.2
Sweden,瑞典,Dejan Kulusevski,Forward,42,4,0.095,7.8
Sweden,瑞典,Viktor Gyokeres,Forward,25,8,0.320,8.1
Tunisia,突尼西亞,Wahbi Khazri,Forward,74,25,0.338,7.3
Tunisia,突尼西亞,Youssef Msakni,Forward,95,23,0.242,7.4
Tunisia,突尼西亞,Ellyes Skhiri,Midfielder,60,3,0.050,7.5
Iran,伊朗,Mehdi Taremi,Forward,80,45,0.563,8.0
Iran,伊朗,Sardar Azmoun,Forward,85,52,0.612,7.9
Iran,伊朗,Alireza Jahanbakhsh,Forward,80,17,0.213,7.4
New Zealand,紐西蘭,Chris Wood,Forward,75,35,0.467,7.8
New Zealand,紐西蘭,Sarpreet Singh,Midfielder,35,7,0.200,7.2
New Zealand,紐西蘭,Joe Bell,Midfielder,28,1,0.036,7.1
Belgium,比利時,Romelu Lukaku,Forward,115,83,0.722,8.0
Belgium,比利時,Kevin De Bruyne,Midfielder,105,28,0.267,8.6
Belgium,比利時,Jeremy Doku,Forward,25,2,0.080,7.8
Egypt,埃及,Mohamed Salah,Forward,100,56,0.560,8.5
Egypt,埃及,Trezeguet,Forward,70,17,0.243,7.4
Egypt,埃及,Mostafa Mohamed,Forward,40,12,0.300,7.5
Saudi Arabia,沙烏地阿拉伯,Salem Al-Dawsari,Forward,85,22,0.259,7.7
Saudi Arabia,沙烏地阿拉伯,Firas Al-Buraikan,Forward,45,15,0.333,7.4
Saudi Arabia,沙烏地阿拉伯,Mohamed Kanno,Midfielder,60,5,0.083,7.2
Uruguay,烏拉圭,Darwin Nunez,Forward,30,13,0.433,8.0
Uruguay,烏拉圭,Federico Valverde,Midfielder,60,7,0.117,8.4
Uruguay,烏拉圭,Luis Suarez,Forward,140,68,0.486,7.5
Spain,西班牙,Alvaro Morata,Forward,73,36,0.493,7.8
Spain,西班牙,Ferran Torres,Forward,44,20,0.455,7.7
Spain,西班牙,Pedri,Midfielder,24,2,0.083,8.1
Cape Verde,維德角,Ryan Mendes,Forward,70,16,0.229,7.3
Cape Verde,維德角,Bebe,Forward,35,7,0.200,7.2
Cape Verde,維德角,Garry Rodrigues,Forward,45,8,0.178,7.1
France,法國,Kylian Mbappe,Forward,77,46,0.597,9.2
France,法國,Antoine Griezmann,Midfielder,132,44,0.333,8.1
France,法國,Olivier Giroud,Forward,137,57,0.416,7.6
Senegal,塞內加爾,Sadio Mane,Forward,105,43,0.410,8.1
Senegal,塞內加爾,Ismaila Sarr,Forward,65,13,0.200,7.5
Senegal,塞內加爾,Kalidou Koulibaly,Defender,80,1,0.013,7.7
Iraq,伊拉克,Aymen Hussein,Forward,75,27,0.360,7.6
Iraq,伊拉克,Ali Jasim,Forward,25,6,0.240,7.4
Iraq,伊拉克,Ibrahim Bayesh,Midfielder,55,7,0.127,7.2
Norway,挪威,Erling Haaland,Forward,35,33,0.943,9.1
Norway,挪威,Martin Odegaard,Midfielder,60,3,0.050,8.4
Norway,挪威,Alexander Sorloth,Forward,55,18,0.327,7.7
Argentina,阿根廷,Lionel Messi,Forward,182,108,0.593,9.4
Argentina,阿根廷,Lautaro Martinez,Forward,58,24,0.414,8.2
Argentina,阿根廷,Enzo Fernandez,Midfielder,32,4,0.125,7.8
Algeria,阿爾及利亞,Riyad Mahrez,Forward,95,31,0.326,8.0
Algeria,阿爾及利亞,Amine Gouiri,Forward,20,6,0.300,7.5
Algeria,阿爾及利亞,Ismael Bennacer,Midfielder,50,2,0.040,7.7
Austria,奧地利,Marko Arnautovic,Forward,115,36,0.313,7.5
Austria,奧地利,Christoph Baumgartner,Midfielder,45,15,0.333,7.8
Austria,奧地利,Marcel Sabitzer,Midfielder,80,17,0.213,7.9
Jordan,約旦,Mousa Al-Taamari,Forward,70,17,0.243,7.6
Jordan,約旦,Yazan Al-Naimat,Forward,50,16,0.320,7.5
Jordan,約旦,Nizar Al-Rashdan,Midfielder,35,2,0.057,7.1
Portugal,葡萄牙,Cristiano Ronaldo,Forward,200,128,0.640,8.2
Portugal,葡萄牙,Bruno Fernandes,Midfielder,75,25,0.333,8.4
Portugal,葡萄牙,Bernardo Silva,Midfielder,90,12,0.133,8.1
DR Congo,剛果民主共和國,Cedric Bakambu,Forward,55,16,0.291,7.5
DR Congo,剛果民主共和國,Yoane Wissa,Forward,35,6,0.171,7.6
DR Congo,剛果民主共和國,Chancel Mbemba,Defender,75,6,0.080,7.4
Uzbekistan,烏茲別克,Eldor Shomurodov,Forward,75,40,0.533,7.8
Uzbekistan,烏茲別克,Abboshbek Fayzullaev,Midfielder,25,6,0.240,7.6
Uzbekistan,烏茲別克,Otabek Shukurov,Midfielder,60,7,0.117,7.2
Colombia,哥倫比亞,Luis Diaz,Forward,55,13,0.236,8.3
Colombia,哥倫比亞,James Rodriguez,Midfielder,100,28,0.280,7.8
Colombia,哥倫比亞,Jhon Duran,Forward,20,4,0.200,7.7
Ghana,迦納,Mohammed Kudus,Midfielder,35,11,0.314,8.1
Ghana,迦納,Inaki Williams,Forward,25,2,0.080,7.4
Ghana,迦納,Thomas Partey,Midfielder,50,13,0.260,7.7
Panama,巴拿馬,Jose Fajardo,Forward,45,12,0.267,7.3
Panama,巴拿馬,Edgar Barcenas,Forward,85,8,0.094,7.2
Panama,巴拿馬,Anibal Godoy,Midfielder,120,4,0.033,7.1
England,英格蘭,Harry Kane,Forward,91,63,0.692,8.7
England,英格蘭,Jude Bellingham,Midfielder,29,3,0.103,8.5
England,英格蘭,Bukayo Saka,Forward,32,11,0.344,8.2
Croatia,克羅埃西亞,Luka Modric,Midfielder,170,24,0.141,8.0
Croatia,克羅埃西亞,Andrej Kramaric,Forward,95,28,0.295,7.7
Croatia,克羅埃西亞,Josko Gvardiol,Defender,35,2,0.057,7.9
