player_name,team,team_zh,nationality,position,age,national_goals,assists,appearances,recent_form,is_key_player,club,data_note
Matěj Kovář,Czechia,捷克,捷克,Goalkeeper,26,0,0,20,6.6,False,PSV Eindhoven,????
David Zima,Czechia,捷克,捷克,Defender,25,1,0,25,6.8,False,Slavia Prague,????
Tomáš Holeš,Czechia,捷克,捷克,Defender,33,2,1,41,6.9,False,Slavia Prague,????
Robin Hranáč,Czechia,捷克,捷克,Defender,26,1,0,14,6.7,False,TSG Hoffenheim,????
Vladimír Coufal,Czechia,捷克,捷克,Defender,33,2,1,62,7.1,False,TSG Hoffenheim,????
Štěpán Chaloupek,Czechia,捷克,捷克,Defender,23,0,0,5,6.4,False,Slavia Prague,????
Ladislav Krejčí,Czechia,捷克,捷克,Defender,27,5,2,27,7.1,False,Wolverhampton Wanderers,????
Vladimír Darida,Czechia,捷克,捷克,Midfielder,35,8,3,79,7.4,False,Hradec Králové,????
Adam Hložek,Czechia,捷克,捷克,Forward,23,5,2,43,7.1,False,TSG Hoffenheim,????
Patrik Schick,Czechia,捷克,捷克,Forward,30,26,11,53,8.2,True,Bayer Leverkusen,????
Jan Kuchta,Czechia,捷克,捷克,Forward,29,3,1,31,7.0,False,Sparta Prague,????
Lukáš Červ,Czechia,捷克,捷克,Midfielder,25,2,1,17,6.9,False,Viktoria Plzeň,????
Mojmír Chytil,Czechia,捷克,捷克,Forward,27,6,3,22,7.3,False,Slavia Prague,????
David Jurásek,Czechia,捷克,捷克,Defender,25,1,0,18,6.7,False,Slavia Prague,????
Pavel Šulc,Czechia,捷克,捷克,Forward,25,5,2,21,7.2,False,Lyon,????
Jindřich Staněk,Czechia,捷克,捷克,Goalkeeper,30,0,0,14,6.5,False,Slavia Prague,????
Lukáš Provod,Czechia,捷克,捷克,Midfielder,29,3,1,38,7.0,False,Slavia Prague,????
Michal Sadílek,Czechia,捷克,捷克,Midfielder,27,1,0,35,6.8,False,Slavia Prague,????
Tomáš Chorý,Czechia,捷克,捷克,Forward,31,7,3,22,7.4,False,Slavia Prague,????
Jaroslav Zelený,Czechia,捷克,捷克,Defender,33,0,0,23,6.6,False,Sparta Prague,????
David Douděra,Czechia,捷克,捷克,Defender,28,2,1,17,6.9,False,Slavia Prague,????
Tomáš Souček,Czechia,捷克,捷克,Midfielder,31,17,7,90,7.8,True,West Ham United,????
Lukáš Horníček,Czechia,捷克,捷克,Goalkeeper,23,0,0,1,6.4,False,Braga,????
Alexandr Sojka,Czechia,捷克,捷克,Midfielder,23,0,0,2,6.4,False,Viktoria Plzeň,????
Hugo Sochůrek,Czechia,捷克,捷克,Midfielder,18,0,0,1,6.4,False,Sparta Prague,????
Denis Višinský,Czechia,捷克,捷克,Forward,23,1,0,2,7.7,True,Viktoria Plzeň,????
Raúl Rangel,Mexico,墨西哥,墨西哥,Goalkeeper,26,0,0,14,6.5,False,Guadalajara,????
Jorge Sánchez,Mexico,墨西哥,墨西哥,Defender,28,3,1,59,7.1,False,PAOK,????
César Montes,Mexico,墨西哥,墨西哥,Defender,29,4,2,67,7.2,False,Lokomotiv Moscow,????
Edson Álvarez,Mexico,墨西哥,墨西哥,Defender,28,7,3,98,7.6,True,Fenerbahçe,????
Johan Vásquez,Mexico,墨西哥,墨西哥,Defender,27,3,1,46,7.0,False,Genoa,????
Érik Lira,Mexico,墨西哥,墨西哥,Midfielder,26,0,0,25,6.6,False,Cruz Azul,????
Luis Romo,Mexico,墨西哥,墨西哥,Midfielder,31,4,2,63,7.2,False,Guadalajara,????
Álvaro Fidalgo,Mexico,墨西哥,墨西哥,Midfielder,29,0,0,4,6.4,False,Real Betis,????
Raúl Jiménez,Mexico,墨西哥,墨西哥,Forward,35,45,19,124,8.3,True,Fulham,????
Alexis Vega,Mexico,墨西哥,墨西哥,Forward,28,7,3,52,7.3,False,Toluca,????
Santiago Giménez,Mexico,墨西哥,墨西哥,Forward,25,6,3,47,7.2,False,Milan,????
Carlos Acevedo,Mexico,墨西哥,墨西哥,Goalkeeper,30,0,0,7,6.5,False,Santos Laguna,????
Guillermo Ochoa,Mexico,墨西哥,墨西哥,Goalkeeper,40,0,0,152,7.4,False,AEL Limassol,????
Armando González,Mexico,墨西哥,墨西哥,Forward,23,1,0,7,6.8,False,Guadalajara,????
Israel Reyes,Mexico,墨西哥,墨西哥,Defender,26,2,1,34,6.9,False,América,????
Julián Quiñones,Mexico,墨西哥,墨西哥,Forward,29,2,1,22,6.8,False,Al-Qadsiah,????
Orbelín Pineda,Mexico,墨西哥,墨西哥,Midfielder,30,12,5,92,7.6,True,AEK Athens,????
Obed Vargas,Mexico,墨西哥,墨西哥,Midfielder,20,0,0,6,6.5,False,Atlético Madrid,????
Gilberto Mora,Mexico,墨西哥,墨西哥,Midfielder,17,0,0,8,6.5,False,Tijuana,????
Mateo Chávez,Mexico,墨西哥,墨西哥,Defender,22,0,0,10,6.5,False,AZ,????
César Huerta,Mexico,墨西哥,墨西哥,Forward,25,3,1,26,6.9,False,Anderlecht,????
Guillermo Martínez,Mexico,墨西哥,墨西哥,Forward,31,3,1,12,7.1,False,Pumas,????
Jesús Gallardo,Mexico,墨西哥,墨西哥,Defender,31,3,1,121,7.5,False,Toluca,????
Luis Chávez,Mexico,墨西哥,墨西哥,Midfielder,30,5,2,45,7.1,False,Dynamo Moscow,????
Roberto Alvarado,Mexico,墨西哥,墨西哥,Forward,27,5,2,67,7.3,False,Guadalajara,????
Brian Gutiérrez,Mexico,墨西哥,墨西哥,Midfielder,22,2,1,7,7.2,False,Guadalajara,????
Ronwen Williams,South Africa,南非,南非,Goalkeeper,34,0,0,62,7.0,False,Mamelodi Sundowns,????
Thabang Matuludi,South Africa,南非,南非,Defender,27,0,0,2,6.4,False,Polokwane City,????
Khulumani Ndamane,South Africa,南非,南非,Defender,22,0,0,5,6.4,False,Mamelodi Sundowns,????
Teboho Mokoena,South Africa,南非,南非,Midfielder,29,9,4,51,7.4,True,Mamelodi Sundowns,????
Thalente Mbatha,South Africa,南非,南非,Midfielder,26,3,1,14,7.1,False,Orlando Pirates,????
Aubrey Modiba,South Africa,南非,南非,Defender,30,3,1,44,7.0,False,Mamelodi Sundowns,????
Oswin Appollis,South Africa,南非,南非,Forward,24,8,3,25,7.4,False,Orlando Pirates,????
Tshepang Moremi,South Africa,南非,南非,Forward,25,1,0,9,6.8,False,Orlando Pirates,????
Lyle Foster,South Africa,南非,南非,Forward,25,10,4,26,7.6,True,Burnley,????
Relebohile Mofokeng,South Africa,南非,南非,Forward,21,0,0,12,6.5,False,Orlando Pirates,????
Themba Zwane,South Africa,南非,南非,Midfielder,36,12,5,53,7.5,True,Mamelodi Sundowns,????
Thapelo Maseko,South Africa,南非,南非,Forward,22,1,0,9,6.8,False,AEL Limassol,????
Sphephelo Sithole,South Africa,南非,南非,Midfielder,27,1,0,27,6.8,False,Tondela,????
Mbekezeli Mbokazi,South Africa,南非,南非,Defender,20,1,0,10,6.8,False,Chicago Fire FC,????
Iqraam Rayners,South Africa,南非,南非,Forward,30,4,2,13,7.3,False,Mamelodi Sundowns,????
Sipho Chaine,South Africa,南非,南非,Goalkeeper,29,0,0,3,6.4,False,Orlando Pirates,????
Evidence Makgopa,South Africa,南非,南非,Forward,26,6,3,26,7.2,False,Orlando Pirates,????
Samukele Kabini,South Africa,南非,南非,Defender,22,0,0,5,6.4,False,Molde,????
Nkosinathi Sibisi,South Africa,南非,南非,Defender,30,0,0,19,6.6,False,Orlando Pirates,????
Khuliso Mudau,South Africa,南非,南非,Defender,31,1,0,32,6.8,False,Mamelodi Sundowns,????
Ime Okon,South Africa,南非,南非,Defender,22,1,0,7,6.8,False,Hannover 96,????
Ricardo Goss,South Africa,南非,南非,Goalkeeper,32,0,0,4,6.4,False,Siwelele,????
Jayden Adams,South Africa,南非,南非,Midfielder,25,0,0,4,6.4,False,Mamelodi Sundowns,????
Olwethu Makhanya,South Africa,南非,南非,Defender,22,0,0,0,6.4,False,Philadelphia Union,????
Kamogelo Sebelebele,South Africa,南非,南非,Forward,23,0,0,2,6.4,False,Orlando Pirates,????
Bradley Cross,South Africa,南非,南非,Defender,25,0,0,0,6.4,False,Kaizer Chiefs,????
Kim Seung-gyu,South Korea,南韓,南韓,Goalkeeper,35,0,0,87,7.3,False,FC Tokyo,????
Lee Han-beom,South Korea,南韓,南韓,Defender,23,0,0,8,6.5,False,Midtjylland,????
Lee Gi-hyuk,South Korea,南韓,南韓,Midfielder,25,0,0,3,6.4,False,Gangwon FC,????
Kim Min-jae,South Korea,南韓,南韓,Defender,29,4,2,79,7.3,False,Bayern Munich,????
Kim Tae-hyeon,South Korea,南韓,南韓,Defender,25,0,0,7,6.5,False,Kashima Antlers,????
Hwang In-beom,South Korea,南韓,南韓,Midfielder,29,6,3,73,7.3,False,Feyenoord,????
Son Heung-min,South Korea,南韓,南韓,Forward,33,56,24,144,8.4,True,Los Angeles FC,????
Paik Seung-ho,South Korea,南韓,南韓,Midfielder,29,3,1,27,6.9,False,Birmingham City,????
Cho Gue-sung,South Korea,南韓,南韓,Forward,28,12,5,44,7.5,False,Midtjylland,????
Lee Jae-sung,South Korea,南韓,南韓,Midfielder,33,15,6,105,7.8,True,Mainz 05,????
Hwang Hee-chan,South Korea,南韓,南韓,Midfielder,30,17,7,79,7.7,True,Wolverhampton Wanderers,????
Song Bum-keun,South Korea,南韓,南韓,Goalkeeper,28,0,0,3,6.4,False,Jeonbuk Hyundai Motors,????
Lee Tae-seok,South Korea,南韓,南韓,Defender,23,1,0,15,6.7,False,Austria Wien,????
Cho Wi-je,South Korea,南韓,南韓,Defender,24,0,0,1,6.4,False,Jeonbuk Hyundai Motors,????
Kim Moon-hwan,South Korea,南韓,南韓,Defender,30,0,0,35,6.8,False,Daejeon Hana Citizen,????
Park Jin-seob,South Korea,南韓,南韓,Defender,30,1,0,14,6.7,False,Zhejiang,????
Bae Jun-ho,South Korea,南韓,南韓,Midfielder,22,2,1,13,6.9,False,Stoke City,????
Oh Hyeon-gyu,South Korea,南韓,南韓,Forward,25,6,3,27,7.2,False,Beşiktaş,????
Lee Kang-in,South Korea,南韓,南韓,Midfielder,25,11,5,47,7.5,False,Paris Saint-Germain,????
Yang Hyun-jun,South Korea,南韓,南韓,Midfielder,24,0,0,9,6.5,False,Celtic,????
Jo Hyeon-woo,South Korea,南韓,南韓,Goalkeeper,34,0,0,48,6.9,False,Ulsan HD,????
Seol Young-woo,South Korea,南韓,南韓,Defender,27,0,0,34,6.7,False,Red Star Belgrade,????
Jens Castrop,South Korea,南韓,南韓,Defender,22,0,0,7,6.5,False,Borussia Mönchengladbach,????
Kim Jin-gyu,South Korea,南韓,南韓,Midfielder,29,3,1,22,7.0,False,Jeonbuk Hyundai Motors,????
Eom Ji-sung,South Korea,南韓,南韓,Midfielder,24,2,1,9,7.0,False,Swansea City,????
Lee Dong-gyeong,South Korea,南韓,南韓,Midfielder,28,4,2,18,7.1,False,Ulsan HD,????
Nikola Vasilj,Bosnia and Herzegovina,波士尼亞與赫塞哥維納,波士尼亞與赫塞哥維納,Goalkeeper,30,0,0,26,6.7,False,FC St. Pauli,????
Nihad Mujakić,Bosnia and Herzegovina,波士尼亞與赫塞哥維納,波士尼亞與赫塞哥維納,Defender,28,1,0,12,6.7,False,Gaziantep,????
Dennis Hadžikadunić,Bosnia and Herzegovina,波士尼亞與赫塞哥維納,波士尼亞與赫塞哥維納,Defender,27,0,0,32,6.7,False,Sampdoria,????
Tarik Muharemović,Bosnia and Herzegovina,波士尼亞與赫塞哥維納,波士尼亞與赫塞哥維納,Defender,23,1,0,14,6.7,False,Sassuolo,????
Sead Kolašinac,Bosnia and Herzegovina,波士尼亞與赫塞哥維納,波士尼亞與赫塞哥維納,Defender,32,0,0,65,7.0,True,Atalanta,????
Benjamin Tahirović,Bosnia and Herzegovina,波士尼亞與赫塞哥維納,波士尼亞與赫塞哥維納,Midfielder,23,2,1,28,6.9,False,Brøndby,????
Amar Dedić,Bosnia and Herzegovina,波士尼亞與赫塞哥維納,波士尼亞與赫塞哥維納,Defender,23,1,0,28,6.8,False,Benfica,????
Armin Gigović,Bosnia and Herzegovina,波士尼亞與赫塞哥維納,波士尼亞與赫塞哥維納,Midfielder,24,1,0,20,6.7,False,Young Boys,????
Samed Baždar,Bosnia and Herzegovina,波士尼亞與赫塞哥維納,波士尼亞與赫塞哥維納,Forward,22,1,0,13,6.7,False,Jagiellonia Białystok,????
Ermedin Demirović,Bosnia and Herzegovina,波士尼亞與赫塞哥維納,波士尼亞與赫塞哥維納,Forward,28,4,2,40,7.0,False,VfB Stuttgart,????
Edin Džeko,Bosnia and Herzegovina,波士尼亞與赫塞哥維納,波士尼亞與赫塞哥維納,Forward,40,73,31,148,8.6,True,Schalke 04,????
Mladen Jurkas,Bosnia and Herzegovina,波士尼亞與赫塞哥維納,波士尼亞與赫塞哥維納,Goalkeeper,18,0,0,0,6.4,False,Borac Banja Luka,????
Ivan Bašić,Bosnia and Herzegovina,波士尼亞與赫塞哥維納,波士尼亞與赫塞哥維納,Midfielder,24,0,0,17,6.6,False,Astana,????
Ivan Šunjić,Bosnia and Herzegovina,波士尼亞與赫塞哥維納,波士尼亞與赫塞哥維納,Midfielder,29,0,0,11,6.5,False,Pafos,????
Amar Memić,Bosnia and Herzegovina,波士尼亞與赫塞哥維納,波士尼亞與赫塞哥維納,Midfielder,25,1,0,13,6.7,False,Viktoria Plzeň,????
Amir Hadžiahmetović,Bosnia and Herzegovina,波士尼亞與赫塞哥維納,波士尼亞與赫塞哥維納,Midfielder,29,0,0,36,6.8,False,Hull City,????
Dženis Burnić,Bosnia and Herzegovina,波士尼亞與赫塞哥維納,波士尼亞與赫塞哥維納,Midfielder,28,0,0,20,6.6,False,Karlsruher SC,????
Nikola Katić,Bosnia and Herzegovina,波士尼亞與赫塞哥維納,波士尼亞與赫塞哥維納,Defender,29,2,1,17,6.9,False,Schalke 04,????
Kerim Alajbegović,Bosnia and Herzegovina,波士尼亞與赫塞哥維納,波士尼亞與赫塞哥維納,Forward,18,1,0,10,6.8,False,Red Bull Salzburg,????
Esmir Bajraktarević,Bosnia and Herzegovina,波士尼亞與赫塞哥維納,波士尼亞與赫塞哥維納,Forward,21,1,0,16,6.7,False,PSV Eindhoven,????
Stjepan Radeljić,Bosnia and Herzegovina,波士尼亞與赫塞哥維納,波士尼亞與赫塞哥維納,Defender,28,0,0,5,6.4,False,Rijeka,????
Martin Zlomislić,Bosnia and Herzegovina,波士尼亞與赫塞哥維納,波士尼亞與赫塞哥維納,Goalkeeper,27,0,0,3,6.4,False,Rijeka,????
Haris Tabaković,Bosnia and Herzegovina,波士尼亞與赫塞哥維納,波士尼亞與赫塞哥維納,Forward,31,4,2,10,7.5,True,Borussia Mönchengladbach,????
Nidal Čelik,Bosnia and Herzegovina,波士尼亞與赫塞哥維納,波士尼亞與赫塞哥維納,Defender,19,0,0,2,6.4,False,Lens,????
Jovo Lukić,Bosnia and Herzegovina,波士尼亞與赫塞哥維納,波士尼亞與赫塞哥維納,Forward,27,0,0,3,6.4,False,Universitatea Cluj,????
Ermin Mahmić,Bosnia and Herzegovina,波士尼亞與赫塞哥維納,波士尼亞與赫塞哥維納,Midfielder,21,0,0,2,6.4,False,Slovan Liberec,????
Dayne St. Clair,Canada,加拿大,加拿大,Goalkeeper,29,0,0,20,6.6,False,Inter Miami CF,????
Alistair Johnston,Canada,加拿大,加拿大,Defender,27,1,0,58,7.0,False,Celtic,????
Alfie Jones,Canada,加拿大,加拿大,Defender,28,0,0,2,6.4,False,Middlesbrough,????
Luc de Fougerolles,Canada,加拿大,加拿大,Defender,20,0,0,13,6.5,False,Dender,????
Joel Waterman,Canada,加拿大,加拿大,Defender,30,0,0,17,6.6,False,Chicago Fire FC,????
Mathieu Choinière,Canada,加拿大,加拿大,Midfielder,27,0,0,23,6.6,False,Los Angeles FC,????
Stephen Eustáquio,Canada,加拿大,加拿大,Midfielder,29,4,2,56,7.1,False,Los Angeles FC,????
Ismaël Koné,Canada,加拿大,加拿大,Midfielder,23,4,2,40,7.0,False,Sassuolo,????
Cyle Larin,Canada,加拿大,加拿大,Forward,31,30,13,90,8.1,True,Southampton,????
Jonathan David,Canada,加拿大,加拿大,Forward,26,39,16,77,8.4,True,Juventus,????
Liam Millar,Canada,加拿大,加拿大,Midfielder,26,1,0,41,6.9,False,Hull City,????
Tani Oluwaseyi,Canada,加拿大,加拿大,Forward,26,2,1,24,6.8,False,Villarreal,????
Derek Cornelius,Canada,加拿大,加拿大,Defender,28,1,0,44,6.9,False,Rangers,????
Jacob Shaffelburg,Canada,加拿大,加拿大,Midfielder,26,6,3,31,7.2,False,Los Angeles FC,????
Moïse Bombito,Canada,加拿大,加拿大,Defender,26,0,0,20,6.6,False,Nice,????
Maxime Crépeau,Canada,加拿大,加拿大,Goalkeeper,32,0,0,32,6.7,False,Orlando City SC,????
Tajon Buchanan,Canada,加拿大,加拿大,Forward,27,8,3,60,7.3,False,Villarreal,????
Owen Goodman,Canada,加拿大,加拿大,Goalkeeper,22,0,0,0,6.4,False,Barnsley,????
Alphonso Davies,Canada,加拿大,加拿大,Defender,25,15,6,58,7.6,True,Bayern Munich,????
Ali Ahmed,Canada,加拿大,加拿大,Forward,25,1,0,24,6.7,False,Norwich City,????
Jonathan Osorio,Canada,加拿大,加拿大,Midfielder,33,10,4,90,7.6,False,Toronto FC,????
Richie Laryea,Canada,加拿大,加拿大,Defender,31,1,0,75,7.2,False,Toronto FC,????
Niko Sigur,Canada,加拿大,加拿大,Defender,22,2,1,19,6.9,False,Hajduk Split,????
Promise David,Canada,加拿大,加拿大,Forward,24,3,1,10,7.2,False,Union Saint-Gilloise,????
Nathan Saliba,Canada,加拿大,加拿大,Midfielder,22,2,1,15,6.9,False,Anderlecht,????
Mahmud Abunada,Qatar,卡達,卡達,Goalkeeper,26,0,0,5,6.4,False,Al-Rayyan,????
Pedro Miguel,Qatar,卡達,卡達,Defender,35,3,1,99,7.5,False,Al-Sadd,????
Lucas Mendes,Qatar,卡達,卡達,Defender,35,1,0,25,6.8,False,Al-Wakrah,????
Issa Laye,Qatar,卡達,卡達,Defender,28,0,0,4,6.4,False,Al-Arabi,????
Jassem Gaber,Qatar,卡達,卡達,Defender,24,1,0,32,6.8,False,Al-Rayyan,????
Abdulaziz Hatem,Qatar,卡達,卡達,Midfielder,36,11,5,117,7.6,False,Al-Rayyan,????
Ahmed Alaaeldin,Qatar,卡達,卡達,Forward,33,9,4,68,7.4,False,Al-Rayyan,????
Edmilson Junior,Qatar,卡達,卡達,Forward,31,0,0,16,6.6,False,Al-Duhail,????
Mohammed Muntari,Qatar,卡達,卡達,Forward,32,16,7,67,7.7,False,Al-Gharafa,????
Hassan Al-Haydos,Qatar,卡達,卡達,Forward,35,41,17,186,8.0,True,Al-Sadd,????
Akram Afif,Qatar,卡達,卡達,Forward,29,39,16,125,8.2,True,Al-Sadd,????
Karim Boudiaf,Qatar,卡達,卡達,Midfielder,35,5,2,118,7.5,False,Al-Duhail,????
Ayoub Al-Oui,Qatar,卡達,卡達,Defender,21,0,0,6,6.5,False,Al-Gharafa,????
Homam Ahmed,Qatar,卡達,卡達,Defender,26,3,1,68,7.2,False,Cultural Leonesa,????
Yusuf Abdurisag,Qatar,卡達,卡達,Forward,26,3,1,39,7.0,False,Al-Wakrah,????
Boualem Khoukhi,Qatar,卡達,卡達,Defender,35,20,8,116,7.8,False,Al-Sadd,????
Ahmed Al-Ganehi,Qatar,卡達,卡達,Midfielder,25,1,0,13,6.7,False,Al-Gharafa,????
Sultan Al-Brake,Qatar,卡達,卡達,Defender,30,0,0,17,6.6,False,Al-Duhail,????
Almoez Ali,Qatar,卡達,卡達,Forward,29,55,23,115,8.6,True,Al-Duhail,????
Ahmed Fathy,Qatar,卡達,卡達,Midfielder,33,0,0,48,6.9,False,Al-Arabi,????
Salah Zakaria,Qatar,卡達,卡達,Goalkeeper,27,0,0,8,6.5,False,Al-Duhail,????
Meshaal Barsham,Qatar,卡達,卡達,Goalkeeper,28,0,0,52,6.9,False,Al-Sadd,????
Assim Madibo,Qatar,卡達,卡達,Midfielder,29,0,0,51,6.9,False,Al-Wakrah,????
Tahsin Jamshid,Qatar,卡達,卡達,Forward,19,0,0,3,6.4,False,Al-Duhail,????
Al-Hashmi Al-Hussain,Qatar,卡達,卡達,Defender,22,0,0,8,6.5,False,Al-Arabi,????
Mohamed Manai,Qatar,卡達,卡達,Forward,23,0,0,10,6.5,False,Al-Shamal,????
Gregor Kobel,Switzerland,瑞士,瑞士,Goalkeeper,28,0,0,21,6.6,False,Borussia Dortmund,????
Miro Muheim,Switzerland,瑞士,瑞士,Defender,28,0,0,10,6.5,False,Hamburger SV,????
Silvan Widmer,Switzerland,瑞士,瑞士,Defender,33,5,2,60,7.2,False,Mainz 05,????
Nico Elvedi,Switzerland,瑞士,瑞士,Defender,29,3,1,67,7.2,False,Borussia Mönchengladbach,????
Manuel Akanji,Switzerland,瑞士,瑞士,Defender,30,4,2,81,7.3,False,Inter Milan,????
Denis Zakaria,Switzerland,瑞士,瑞士,Midfielder,29,3,1,65,7.2,False,Monaco,????
Breel Embolo,Switzerland,瑞士,瑞士,Forward,29,24,10,86,8.0,True,Rennes,????
Remo Freuler,Switzerland,瑞士,瑞士,Midfielder,34,11,5,88,7.6,True,Bologna,????
Johan Manzambi,Switzerland,瑞士,瑞士,Midfielder,20,3,1,12,7.1,False,SC Freiburg,????
Granit Xhaka,Switzerland,瑞士,瑞士,Midfielder,33,17,7,146,7.7,True,Sunderland,????
Dan Ndoye,Switzerland,瑞士,瑞士,Forward,25,8,3,31,7.4,False,Nottingham Forest,????
Yvon Mvogo,Switzerland,瑞士,瑞士,Goalkeeper,32,0,0,13,6.5,False,Lorient,????
Ricardo Rodriguez,Switzerland,瑞士,瑞士,Defender,33,9,4,138,7.6,False,Real Betis,????
Ardon Jashari,Switzerland,瑞士,瑞士,Midfielder,23,0,0,8,6.5,False,Milan,????
Djibril Sow,Switzerland,瑞士,瑞士,Midfielder,29,0,0,52,6.9,False,Sevilla,????
Christian Fassnacht,Switzerland,瑞士,瑞士,Forward,32,5,2,23,7.2,False,Young Boys,????
Rubén Vargas,Switzerland,瑞士,瑞士,Forward,27,11,5,61,7.5,False,Sevilla,????
Eray Cömert,Switzerland,瑞士,瑞士,Defender,28,0,0,22,6.6,False,Valencia,????
Noah Okafor,Switzerland,瑞士,瑞士,Forward,26,2,1,25,6.8,False,Leeds United,????
Michel Aebischer,Switzerland,瑞士,瑞士,Midfielder,29,2,1,40,6.9,False,Pisa,????
Marvin Keller,Switzerland,瑞士,瑞士,Goalkeeper,23,0,0,1,6.4,False,Young Boys,????
Fabian Rieder,Switzerland,瑞士,瑞士,Midfielder,24,1,0,28,6.8,False,FC Augsburg,????
Zeki Amdouni,Switzerland,瑞士,瑞士,Forward,25,11,5,29,7.6,False,Burnley,????
Aurèle Amenda,Switzerland,瑞士,瑞士,Defender,22,0,0,7,6.5,False,Eintracht Frankfurt,????
Luca Jaquez,Switzerland,瑞士,瑞士,Defender,23,0,0,3,6.4,False,VfB Stuttgart,????
Cedric Itten,Switzerland,瑞士,瑞士,Forward,29,5,2,15,7.4,False,Fortuna Düsseldorf,????
Alisson,Brazil,巴西,巴西,Goalkeeper,33,0,0,78,7.2,False,Liverpool,????
Éderson Silva,Brazil,巴西,巴西,Midfielder,26,0,0,3,6.4,False,Atalanta,????
Gabriel Magalhães,Brazil,巴西,巴西,Defender,28,1,0,17,6.7,False,Arsenal,????
Marquinhos,Brazil,巴西,巴西,Defender,32,7,3,105,7.6,False,Paris Saint-Germain,????
Casemiro,Brazil,巴西,巴西,Midfielder,34,9,4,86,7.5,False,Manchester United,????
Alex Sandro,Brazil,巴西,巴西,Defender,35,2,1,45,7.0,False,Flamengo,????
Vinícius Júnior,Brazil,巴西,巴西,Forward,25,9,4,49,7.4,False,Real Madrid,????
Bruno Guimarães,Brazil,巴西,巴西,Midfielder,28,3,1,43,7.0,False,Newcastle United,????
Matheus Cunha,Brazil,巴西,巴西,Forward,27,1,0,23,6.7,False,Manchester United,????
Neymar,Brazil,巴西,巴西,Forward,34,79,33,128,8.9,True,Santos,????
Raphinha,Brazil,巴西,巴西,Forward,29,11,5,39,7.5,False,Barcelona,????
Weverton,Brazil,巴西,巴西,Goalkeeper,38,0,0,11,6.5,False,Grêmio,????
Danilo Luiz,Brazil,巴西,巴西,Defender,34,1,0,70,7.1,False,Flamengo,????
Bremer,Brazil,巴西,巴西,Defender,29,1,0,8,6.8,False,Juventus,????
Léo Pereira,Brazil,巴西,巴西,Defender,30,0,0,4,6.4,False,Flamengo,????
Douglas Santos,Brazil,巴西,巴西,Defender,32,0,0,7,6.5,False,Zenit Saint Petersburg,????
Fabinho,Brazil,巴西,巴西,Midfielder,32,0,0,33,6.7,False,Al-Ittihad,????
Danilo Santos,Brazil,巴西,巴西,Midfielder,25,2,1,4,7.7,True,Botafogo,????
Endrick,Brazil,巴西,巴西,Forward,19,4,2,17,7.2,False,Lyon,????
Lucas Paquetá,Brazil,巴西,巴西,Midfielder,28,13,5,63,7.5,False,Flamengo,????
Luiz Henrique,Brazil,巴西,巴西,Forward,25,2,1,15,6.9,False,Zenit Saint Petersburg,????
Gabriel Martinelli,Brazil,巴西,巴西,Forward,24,4,2,23,7.1,False,Arsenal,????
Ederson Moraes,Brazil,巴西,巴西,Goalkeeper,32,0,0,32,6.7,False,Fenerbahçe,????
Roger Ibañez,Brazil,巴西,巴西,Defender,27,0,0,7,6.5,False,Al-Ahli,????
Igor Thiago,Brazil,巴西,巴西,Forward,24,2,1,4,7.7,True,Brentford,????
Rayan,Brazil,巴西,巴西,Forward,19,1,0,2,7.7,False,Bournemouth,????
Johny Placide,Haiti,海地,海地,Goalkeeper,38,0,0,81,7.2,False,Bastia,????
Carlens Arcus,Haiti,海地,海地,Defender,29,1,0,53,7.0,False,Angers,????
Keeto Thermoncy,Haiti,海地,海地,Defender,20,0,0,1,6.4,False,Young Boys,????
Ricardo Adé,Haiti,海地,海地,Defender,36,2,1,59,7.1,False,LDU Quito,????
Hannes Delcroix,Haiti,海地,海地,Defender,27,0,0,7,6.5,False,Lugano,????
Carl Sainté,Haiti,海地,海地,Midfielder,23,0,0,26,6.7,False,El Paso Locomotive FC,????
Derrick Etienne Jr.,Haiti,海地,海地,Forward,29,8,3,48,7.3,False,Toronto FC,????
Martin Expérience,Haiti,海地,海地,Defender,27,0,0,21,6.6,False,Nancy,????
Duckens Nazon,Haiti,海地,海地,Forward,32,44,18,78,8.6,True,Esteghlal,????
Jean-Ricner Bellegarde,Haiti,海地,海地,Midfielder,27,0,0,10,6.5,False,Wolverhampton Wanderers,????
Louicius Deedson,Haiti,海地,海地,Forward,25,10,4,32,7.5,False,FC Dallas,????
Alexandre Pierre,Haiti,海地,海地,Goalkeeper,25,0,0,15,6.6,False,Sochaux,????
Duke Lacroix,Haiti,海地,海地,Defender,32,3,1,16,7.0,False,Colorado Springs Switchbacks FC,????
Leverton Pierre,Haiti,海地,海地,Midfielder,28,0,0,33,6.7,False,Vizela,????
Ruben Providence,Haiti,海地,海地,Forward,24,3,1,15,7.0,False,Almere City,????
Lenny Joseph,Haiti,海地,海地,Forward,25,1,0,2,7.7,True,Ferencváros,????
Danley Jean Jacques,Haiti,海地,海地,Midfielder,26,6,3,30,7.2,False,Philadelphia Union,????
Wilson Isidor,Haiti,海地,海地,Forward,25,2,1,4,7.7,False,Sunderland,????
Yassin Fortuné,Haiti,海地,海地,Forward,27,0,0,4,6.4,False,Vizela,????
Frantzdy Pierrot,Haiti,海地,海地,Forward,31,34,14,51,8.6,True,Çaykur Rizespor,????
Josué Casimir,Haiti,海地,海地,Forward,24,0,0,7,6.5,False,Auxerre,????
Jean-Kévin Duverne,Haiti,海地,海地,Defender,28,1,0,17,6.7,False,Gent,????
Josué Duverger,Haiti,海地,海地,Goalkeeper,26,0,0,6,6.5,False,Cosmos Koblenz,????
Wilguens Paugain,Haiti,海地,海地,Defender,24,0,0,8,6.5,False,Zulte Waregem,????
Dominique Simon,Haiti,海地,海地,Midfielder,25,0,0,2,6.4,False,Tatran Prešov,????
Woodensky Pierre,Haiti,海地,海地,Midfielder,21,0,0,1,6.4,False,Violette,????
Yassine Bounou,Morocco,摩洛哥,摩洛哥,Goalkeeper,35,0,0,90,7.3,False,Al-Hilal,????
Achraf Hakimi,Morocco,摩洛哥,摩洛哥,Defender,27,11,5,96,7.6,True,Paris Saint-Germain,????
Noussair Mazraoui,Morocco,摩洛哥,摩洛哥,Defender,28,2,1,45,7.0,False,Manchester United,????
Sofyan Amrabat,Morocco,摩洛哥,摩洛哥,Midfielder,29,0,0,75,7.2,False,Real Betis,????
Nayef Aguerd,Morocco,摩洛哥,摩洛哥,Defender,30,2,1,64,7.1,False,Marseille,????
Ayyoub Bouaddi,Morocco,摩洛哥,摩洛哥,Midfielder,18,0,0,4,6.4,False,Lille,????
Chemsdine Talbi,Morocco,摩洛哥,摩洛哥,Midfielder,21,0,0,5,6.4,False,Sunderland,????
Azzedine Ounahi,Morocco,摩洛哥,摩洛哥,Midfielder,26,9,4,49,7.4,False,Girona,????
Soufiane Rahimi,Morocco,摩洛哥,摩洛哥,Forward,30,12,5,37,7.6,False,Al Ain,????
Brahim Díaz,Morocco,摩洛哥,摩洛哥,Forward,26,14,6,26,8.0,True,Real Madrid,????
Ismael Saibari,Morocco,摩洛哥,摩洛哥,Midfielder,25,9,4,31,7.4,False,PSV Eindhoven,????
Munir Mohamedi,Morocco,摩洛哥,摩洛哥,Goalkeeper,37,0,0,53,6.9,False,RS Berkane,????
Zakaria El Ouahdi,Morocco,摩洛哥,摩洛哥,Defender,24,0,0,3,6.4,False,Genk,????
Issa Diop,Morocco,摩洛哥,摩洛哥,Defender,29,0,0,4,6.4,False,Fulham,????
Samir El Mourabet,Morocco,摩洛哥,摩洛哥,Midfielder,20,0,0,4,6.4,False,Strasbourg,????
Gessime Yassine,Morocco,摩洛哥,摩洛哥,Midfielder,20,0,0,5,6.4,False,Strasbourg,????
Abde Ezzalzouli,Morocco,摩洛哥,摩洛哥,Forward,24,2,1,37,6.9,False,Real Betis,????
Chadi Riad,Morocco,摩洛哥,摩洛哥,Defender,22,1,0,6,6.9,False,Crystal Palace,????
Youssef Belammari,Morocco,摩洛哥,摩洛哥,Defender,27,0,0,19,6.6,False,Al Ahly,????
Ayoub El Kaabi,Morocco,摩洛哥,摩洛哥,Forward,32,35,15,71,8.3,True,Olympiacos,????
Ayoube Amaimouni,Morocco,摩洛哥,摩洛哥,Forward,21,0,0,2,6.4,False,Eintracht Frankfurt,????
Ahmed Reda Tagnaouti,Morocco,摩洛哥,摩洛哥,Goalkeeper,30,0,0,3,6.4,False,AS FAR,????
Bilal El Khannouss,Morocco,摩洛哥,摩洛哥,Midfielder,22,3,1,37,7.0,False,VfB Stuttgart,????
Neil El Aynaoui,Morocco,摩洛哥,摩洛哥,Midfielder,24,2,1,16,6.9,False,Roma,????
Redouane Halhal,Morocco,摩洛哥,摩洛哥,Defender,23,0,0,3,6.4,False,Mechelen,????
Anass Salah-Eddine,Morocco,摩洛哥,摩洛哥,Defender,24,0,0,9,6.5,False,PSV Eindhoven,????
Angus Gunn,Scotland,蘇格蘭,蘇格蘭,Goalkeeper,30,0,0,22,6.6,False,Nottingham Forest,????
Aaron Hickey,Scotland,蘇格蘭,蘇格蘭,Defender,24,0,0,21,6.6,False,Brentford,????
Andy Robertson,Scotland,蘇格蘭,蘇格蘭,Defender,32,4,2,94,7.4,False,Liverpool,????
Scott McTominay,Scotland,蘇格蘭,蘇格蘭,Midfielder,29,15,6,70,7.6,True,Napoli,????
Grant Hanley,Scotland,蘇格蘭,蘇格蘭,Defender,34,2,1,68,7.2,False,Hibernian,????
Kieran Tierney,Scotland,蘇格蘭,蘇格蘭,Defender,29,2,1,56,7.0,False,Celtic,????
John McGinn,Scotland,蘇格蘭,蘇格蘭,Midfielder,31,20,8,86,7.8,True,Aston Villa,????
Tyler Fletcher,Scotland,蘇格蘭,蘇格蘭,Midfielder,19,0,0,2,6.4,False,Manchester United,????
Lyndon Dykes,Scotland,蘇格蘭,蘇格蘭,Forward,30,10,4,51,7.4,False,Charlton Athletic,????
Ché Adams,Scotland,蘇格蘭,蘇格蘭,Forward,29,13,5,47,7.6,True,Torino,????
Ryan Christie,Scotland,蘇格蘭,蘇格蘭,Midfielder,31,10,4,68,7.4,False,Bournemouth,????
Liam Kelly,Scotland,蘇格蘭,蘇格蘭,Goalkeeper,30,0,0,3,6.4,False,Rangers,????
Jack Hendry,Scotland,蘇格蘭,蘇格蘭,Defender,31,3,1,38,7.0,False,Al-Ettifaq,????
Ross Stewart,Scotland,蘇格蘭,蘇格蘭,Forward,29,0,0,3,6.4,False,Southampton,????
John Souttar,Scotland,蘇格蘭,蘇格蘭,Defender,29,2,1,24,6.8,False,Rangers,????
Dominic Hyam,Scotland,蘇格蘭,蘇格蘭,Defender,30,0,0,4,6.4,False,Wrexham,????
Ben Gannon-Doak,Scotland,蘇格蘭,蘇格蘭,Forward,20,1,0,14,6.7,False,Bournemouth,????
George Hirst,Scotland,蘇格蘭,蘇格蘭,Forward,27,1,0,10,6.8,False,Ipswich Town,????
Lewis Ferguson,Scotland,蘇格蘭,蘇格蘭,Midfielder,26,1,0,24,6.7,False,Bologna,????
Lawrence Shankland,Scotland,蘇格蘭,蘇格蘭,Forward,30,7,3,20,7.5,False,Heart of Midlothian,????
Craig Gordon,Scotland,蘇格蘭,蘇格蘭,Goalkeeper,43,0,0,84,7.2,False,Heart of Midlothian,????
Nathan Patterson,Scotland,蘇格蘭,蘇格蘭,Defender,24,1,0,26,6.8,False,Everton,????
Kenny McLean,Scotland,蘇格蘭,蘇格蘭,Midfielder,34,3,1,58,7.1,False,Norwich City,????
Anthony Ralston,Scotland,蘇格蘭,蘇格蘭,Defender,27,1,0,27,6.8,False,Celtic,????
Findlay Curtis,Scotland,蘇格蘭,蘇格蘭,Forward,20,1,0,3,7.3,False,Kilmarnock,????
Scott McKenna,Scotland,蘇格蘭,蘇格蘭,Defender,29,1,0,50,7.0,False,Dinamo Zagreb,????
Mathew Ryan,Australia,澳洲,澳洲,Goalkeeper,34,0,0,104,7.4,False,Levante,????
Miloš Degenek,Australia,澳洲,澳洲,Defender,32,1,0,57,7.0,False,APOEL,????
Alessandro Circati,Australia,澳洲,澳洲,Defender,22,1,0,13,6.7,False,Parma,????
Jacob Italiano,Australia,澳洲,澳洲,Defender,24,0,0,5,6.4,False,Grazer AK,????
Jordan Bos,Australia,澳洲,澳洲,Defender,23,4,2,27,7.0,False,Feyenoord,????
Jason Geria,Australia,澳洲,澳洲,Defender,33,0,0,14,6.5,False,Albirex Niigata,????
Mathew Leckie,Australia,澳洲,澳洲,Forward,35,14,6,80,7.6,True,Melbourne City,????
Connor Metcalfe,Australia,澳洲,澳洲,Midfielder,26,1,0,36,6.8,False,FC St. Pauli,????
Mohamed Touré,Australia,澳洲,澳洲,Forward,22,2,1,10,7.0,False,Norwich City,????
Ajdin Hrustic,Australia,澳洲,澳洲,Forward,29,4,2,37,7.0,False,Heracles Almelo,????
Awer Mabil,Australia,澳洲,澳洲,Forward,30,10,4,38,7.4,False,Castellón,????
Paul Izzo,Australia,澳洲,澳洲,Goalkeeper,31,0,0,4,6.4,False,Randers,????
Aiden O'Neill,Australia,澳洲,澳洲,Midfielder,27,0,0,31,6.7,False,New York City FC,????
Cammy Devlin,Australia,澳洲,澳洲,Midfielder,28,0,0,5,6.4,False,Heart of Midlothian,????
Kai Trewin,Australia,澳洲,澳洲,Defender,25,0,0,6,6.5,False,New York City FC,????
Aziz Behich,Australia,澳洲,澳洲,Defender,35,3,1,84,7.3,False,Melbourne City,????
Nestory Irankunda,Australia,澳洲,澳洲,Forward,20,5,2,15,7.4,False,Watford,????
Patrick Beach,Australia,澳洲,澳洲,Goalkeeper,22,0,0,2,6.4,False,Melbourne City,????
Harry Souttar,Australia,澳洲,澳洲,Defender,27,11,5,38,7.5,False,Leicester City,????
Cristian Volpato,Australia,澳洲,澳洲,Forward,22,0,0,1,6.4,False,Sassuolo,????
Cameron Burgess,Australia,澳洲,澳洲,Defender,30,0,0,27,6.7,False,Swansea City,????
Jackson Irvine,Australia,澳洲,澳洲,Midfielder,33,14,6,82,7.6,True,FC St. Pauli,????
Nishan Velupillay,Australia,澳洲,澳洲,Forward,25,3,1,7,7.5,False,Melbourne Victory,????
Paul Okon-Engstler,Australia,澳洲,澳洲,Midfielder,21,0,0,6,6.5,False,Sydney FC,????
Lucas Herrington,Australia,澳洲,澳洲,Defender,18,0,0,4,6.4,False,Colorado Rapids,????
Tete Yengi,Australia,澳洲,澳洲,Forward,25,1,0,1,8.9,True,Machida Zelvia,????
Gatito Fernández,Paraguay,巴拉圭,巴拉圭,Goalkeeper,38,0,0,31,6.7,False,Cerro Porteño,????
Gustavo Velázquez,Paraguay,巴拉圭,巴拉圭,Defender,35,1,0,13,6.7,False,Cerro Porteño,????
Omar Alderete,Paraguay,巴拉圭,巴拉圭,Defender,29,3,1,36,7.0,False,Sunderland,????
Juan José Cáceres,Paraguay,巴拉圭,巴拉圭,Defender,26,0,0,17,6.6,False,Dynamo Moscow,????
Fabián Balbuena,Paraguay,巴拉圭,巴拉圭,Defender,34,2,1,48,7.0,False,Grêmio,????
Júnior Alonso,Paraguay,巴拉圭,巴拉圭,Defender,33,3,1,71,7.2,False,Atlético Mineiro,????
Ramón Sosa,Paraguay,巴拉圭,巴拉圭,Midfielder,26,1,0,29,6.8,False,Palmeiras,????
Diego Gómez,Paraguay,巴拉圭,巴拉圭,Midfielder,23,3,1,24,7.0,False,Brighton & Hove Albion,????
Antonio Sanabria,Paraguay,巴拉圭,巴拉圭,Forward,30,7,3,48,7.2,False,Cremonese,????
Miguel Almirón,Paraguay,巴拉圭,巴拉圭,Midfielder,32,10,4,76,7.5,True,Atlanta United FC,????
Maurício,Paraguay,巴拉圭,巴拉圭,Midfielder,24,0,0,3,6.4,False,Palmeiras,????
Orlando Gill,Paraguay,巴拉圭,巴拉圭,Goalkeeper,26,0,0,6,6.5,False,San Lorenzo,????
José Canale,Paraguay,巴拉圭,巴拉圭,Defender,29,0,0,2,6.4,False,Lanús,????
Andrés Cubas,Paraguay,巴拉圭,巴拉圭,Midfielder,30,0,0,33,6.7,False,Vancouver Whitecaps FC,????
Gustavo Gómez,Paraguay,巴拉圭,巴拉圭,Defender,33,4,2,89,7.4,False,Palmeiras,????
Damián Bobadilla,Paraguay,巴拉圭,巴拉圭,Midfielder,24,1,0,19,6.7,False,São Paulo,????
Kaku,Paraguay,巴拉圭,巴拉圭,Forward,31,6,3,33,7.2,False,Al Ain,????
Álex Arce,Paraguay,巴拉圭,巴拉圭,Forward,30,1,0,15,6.7,False,Independiente Rivadavia,????
Julio Enciso,Paraguay,巴拉圭,巴拉圭,Forward,22,4,2,32,7.0,False,Strasbourg,????
Braian Ojeda,Paraguay,巴拉圭,巴拉圭,Midfielder,25,0,0,17,6.6,False,Orlando City SC,????
Gabriel Ávalos,Paraguay,巴拉圭,巴拉圭,Forward,35,2,1,23,6.8,False,Independiente,????
Gastón Olveira,Paraguay,巴拉圭,巴拉圭,Goalkeeper,33,0,0,1,6.4,False,Olimpia,????
Matías Galarza,Paraguay,巴拉圭,巴拉圭,Midfielder,24,3,1,15,7.0,False,Atlanta United FC,????
Gustavo Caballero,Paraguay,巴拉圭,巴拉圭,Midfielder,24,1,0,2,7.7,True,Portsmouth,????
Isidro Pitta,Paraguay,巴拉圭,巴拉圭,Forward,26,0,0,5,6.4,False,Red Bull Bragantino,????
Alexandro Maidana,Paraguay,巴拉圭,巴拉圭,Defender,20,1,0,2,7.7,True,Talleres,????
Mert Günok,Turkiye,土耳其,土耳其,Goalkeeper,37,0,0,37,6.8,False,Fenerbahçe,????
Zeki Çelik,Turkiye,土耳其,土耳其,Defender,29,3,1,61,7.1,False,Roma,????
Merih Demiral,Turkiye,土耳其,土耳其,Defender,28,6,3,62,7.3,True,Al-Ahli,????
Çağlar Söyüncü,Turkiye,土耳其,土耳其,Defender,30,2,1,60,7.1,False,Fenerbahçe,????
Salih Özcan,Turkiye,土耳其,土耳其,Midfielder,28,1,0,30,6.8,False,Borussia Dortmund,????
Orkun Kökçü,Turkiye,土耳其,土耳其,Midfielder,25,4,2,50,7.1,False,Beşiktaş,????
Kerem Aktürkoğlu,Turkiye,土耳其,土耳其,Forward,27,15,6,52,7.6,True,Fenerbahçe,????
Arda Güler,Turkiye,土耳其,土耳其,Forward,21,6,3,29,7.2,False,Real Madrid,????
Deniz Gül,Turkiye,土耳其,土耳其,Forward,21,2,1,8,7.1,False,Porto,????
Hakan Çalhanoğlu,Turkiye,土耳其,土耳其,Midfielder,32,22,9,105,7.9,True,Inter Milan,????
Kenan Yıldız,Turkiye,土耳其,土耳其,Forward,21,5,2,28,7.1,False,Juventus,????
Altay Bayındır,Turkiye,土耳其,土耳其,Goalkeeper,28,0,0,12,6.5,False,Manchester United,????
Eren Elmalı,Turkiye,土耳其,土耳其,Defender,25,0,0,23,6.6,False,Galatasaray,????
Abdülkerim Bardakcı,Turkiye,土耳其,土耳其,Defender,31,2,1,27,6.9,False,Galatasaray,????
Ozan Kabak,Turkiye,土耳其,土耳其,Defender,26,2,1,30,6.9,False,TSG Hoffenheim,????
İsmail Yüksek,Turkiye,土耳其,土耳其,Midfielder,27,1,0,32,6.8,False,Fenerbahçe,????
İrfan Can Kahveci,Turkiye,土耳其,土耳其,Forward,30,6,3,47,7.2,False,Kasımpaşa,????
Mert Müldür,Turkiye,土耳其,土耳其,Defender,27,3,1,45,7.0,False,Fenerbahçe,????
Yunus Akgün,Turkiye,土耳其,土耳其,Forward,25,4,2,19,7.1,False,Galatasaray,????
Ferdi Kadıoğlu,Turkiye,土耳其,土耳其,Defender,26,2,1,30,6.9,False,Brighton & Hove Albion,????
Barış Alper Yılmaz,Turkiye,土耳其,土耳其,Forward,26,4,2,35,7.0,False,Galatasaray,????
Kaan Ayhan,Turkiye,土耳其,土耳其,Midfielder,31,5,2,73,7.3,False,Galatasaray,????
Uğurcan Çakır,Turkiye,土耳其,土耳其,Goalkeeper,30,0,0,39,6.8,False,Galatasaray,????
Oğuz Aydın,Turkiye,土耳其,土耳其,Forward,25,0,0,11,6.5,False,Fenerbahçe,????
Samet Akaydin,Turkiye,土耳其,土耳其,Defender,32,1,0,19,6.7,False,Çaykur Rizespor,????
Can Uzun,Turkiye,土耳其,土耳其,Forward,20,1,0,6,6.9,False,Eintracht Frankfurt,????
Matt Turner,United States,美國,美國,Goalkeeper,31,0,0,54,6.9,False,New England Revolution,????
Sergiño Dest,United States,美國,美國,Defender,25,3,1,39,7.0,False,PSV Eindhoven,????
Chris Richards,United States,美國,美國,Defender,26,3,1,36,7.0,False,Crystal Palace,????
Tyler Adams,United States,美國,美國,Midfielder,27,2,1,54,7.0,False,Bournemouth,????
Antonee Robinson,United States,美國,美國,Defender,28,5,2,54,7.2,False,Fulham,????
Auston Trusty,United States,美國,美國,Defender,27,0,0,8,6.5,False,Celtic,????
Giovanni Reyna,United States,美國,美國,Midfielder,23,9,4,38,7.4,False,Borussia Mönchengladbach,????
Weston McKennie,United States,美國,美國,Midfielder,27,12,5,66,7.5,True,Juventus,????
Ricardo Pepi,United States,美國,美國,Forward,23,13,5,37,7.6,True,PSV Eindhoven,????
Christian Pulisic,United States,美國,美國,Forward,27,33,14,86,8.2,True,Milan,????
Brenden Aaronson,United States,美國,美國,Forward,25,9,4,58,7.4,False,Leeds United,????
Miles Robinson,United States,美國,美國,Defender,29,3,1,40,7.0,False,FC Cincinnati,????
Tim Ream,United States,美國,美國,Defender,38,1,0,82,7.3,False,Charlotte FC,????
Sebastian Berhalter,United States,美國,美國,Midfielder,25,1,0,13,6.7,False,Vancouver Whitecaps FC,????
Cristian Roldan,United States,美國,美國,Midfielder,31,0,0,47,6.9,False,Seattle Sounders FC,????
Alex Freeman,United States,美國,美國,Defender,21,2,1,17,6.9,False,Villarreal,????
Malik Tillman,United States,美國,美國,Midfielder,24,3,1,30,7.0,False,Bayer Leverkusen,????
Maximilian Arfsten,United States,美國,美國,Defender,25,1,0,20,6.7,False,Columbus Crew,????
Haji Wright,United States,美國,美國,Forward,28,7,3,20,7.5,False,Coventry City,????
Folarin Balogun,United States,美國,美國,Forward,24,9,4,27,7.5,False,Monaco,????
Timothy Weah,United States,美國,美國,Forward,26,7,3,51,7.3,False,Marseille,????
Mark McKenzie,United States,美國,美國,Defender,27,0,0,29,6.7,False,Toulouse,????
Joe Scally,United States,美國,美國,Defender,23,0,0,26,6.7,False,Borussia Mönchengladbach,????
Matt Freese,United States,美國,美國,Goalkeeper,27,0,0,15,6.6,False,New York City FC,????
Chris Brady,United States,美國,美國,Goalkeeper,22,0,0,1,6.4,False,Chicago Fire FC,????
Alejandro Zendejas,United States,美國,美國,Forward,28,2,1,14,6.9,False,América,????
Eloy Room,Curacao,庫拉索,庫拉索,Goalkeeper,37,0,0,71,7.1,False,Miami FC,????
Shurandy Sambo,Curacao,庫拉索,庫拉索,Defender,24,0,0,8,6.5,False,Sparta Rotterdam,????
Juriën Gaari,Curacao,庫拉索,庫拉索,Defender,32,1,0,60,7.0,False,Abha,????
Roshon van Eijma,Curacao,庫拉索,庫拉索,Defender,28,1,0,28,6.8,False,RKC Waalwijk,????
Sherel Floranus,Curacao,庫拉索,庫拉索,Defender,27,0,0,28,6.7,False,PEC Zwolle,????
Godfried Roemeratoe,Curacao,庫拉索,庫拉索,Midfielder,26,1,0,28,6.8,False,RKC Waalwijk,????
Juninho Bacuna,Curacao,庫拉索,庫拉索,Midfielder,28,15,6,49,7.7,True,Volendam,????
Livano Comenencia,Curacao,庫拉索,庫拉索,Midfielder,22,2,1,20,6.8,False,Zürich,????
Jürgen Locadia,Curacao,庫拉索,庫拉索,Forward,32,1,0,13,6.7,False,Miami FC,????
Leandro Bacuna,Curacao,庫拉索,庫拉索,Midfielder,34,16,7,72,7.7,True,Iğdır,????
Jeremy Antonisse,Curacao,庫拉索,庫拉索,Forward,24,4,2,27,7.0,False,Kifisia,????
Sontje Hansen,Curacao,庫拉索,庫拉索,Forward,24,1,0,6,6.9,False,Middlesbrough,????
Tyrese Noslin,Curacao,庫拉索,庫拉索,Forward,23,1,0,7,6.8,False,Telstar,????
Kenji Gorré,Curacao,庫拉索,庫拉索,Forward,31,6,3,38,7.2,False,Maccabi Haifa,????
Ar'jany Martha,Curacao,庫拉索,庫拉索,Midfielder,22,2,1,9,7.0,False,Rotherham United,????
Jearl Margaritha,Curacao,庫拉索,庫拉索,Forward,26,5,2,22,7.2,False,Beveren,????
Brandley Kuwas,Curacao,庫拉索,庫拉索,Forward,33,2,1,35,6.9,False,Volendam,????
Armando Obispo,Curacao,庫拉索,庫拉索,Defender,27,0,0,6,6.5,False,PSV Eindhoven,????
Gervane Kastaneer,Curacao,庫拉索,庫拉索,Forward,30,9,4,29,7.5,False,Terengganu,????
Joshua Brenet,Curacao,庫拉索,庫拉索,Defender,32,2,1,18,6.9,False,Kayserispor,????
Tahith Chong,Curacao,庫拉索,庫拉索,Midfielder,26,3,1,6,7.7,True,Sheffield United,????
Kevin Felida,Curacao,庫拉索,庫拉索,Midfielder,26,1,0,19,6.7,False,Den Bosch,????
Riechedly Bazoer,Curacao,庫拉索,庫拉索,Defender,29,0,0,5,6.4,False,Konyaspor,????
Deveron Fonville,Curacao,庫拉索,庫拉索,Defender,23,0,0,2,6.4,False,NEC,????
Tyrick Bodak,Curacao,庫拉索,庫拉索,Goalkeeper,24,0,0,4,6.4,False,Telstar,????
Trevor Doornbusch,Curacao,庫拉索,庫拉索,Goalkeeper,26,0,0,8,6.5,False,VVV-Venlo,????
Hernán Galíndez,Ecuador,厄瓜多,厄瓜多,Goalkeeper,39,0,0,35,6.8,False,Huracán,????
Félix Torres,Ecuador,厄瓜多,厄瓜多,Defender,29,5,2,49,7.1,False,Internacional,????
Piero Hincapié,Ecuador,厄瓜多,厄瓜多,Defender,24,3,1,52,7.1,False,Arsenal,????
Joel Ordóñez,Ecuador,厄瓜多,厄瓜多,Defender,22,0,0,17,6.6,False,Club Brugge,????
Jordy Alcívar,Ecuador,厄瓜多,厄瓜多,Midfielder,26,1,0,11,6.7,False,Independiente del Valle,????
Willian Pacho,Ecuador,厄瓜多,厄瓜多,Defender,24,2,1,34,6.9,False,Paris Saint-Germain,????
Pervis Estupiñán,Ecuador,厄瓜多,厄瓜多,Defender,28,5,2,54,7.2,False,Milan,????
Anthony Valencia,Ecuador,厄瓜多,厄瓜多,Midfielder,22,1,0,3,7.3,True,Antwerp,????
John Yeboah,Ecuador,厄瓜多,厄瓜多,Forward,25,3,1,23,7.0,False,Venezia,????
Kendry Páez,Ecuador,厄瓜多,厄瓜多,Midfielder,19,2,1,26,6.9,False,River Plate,????
Kevin Rodríguez,Ecuador,厄瓜多,厄瓜多,Forward,26,2,1,31,6.9,False,Union Saint-Gilloise,????
Moisés Ramírez,Ecuador,厄瓜多,厄瓜多,Goalkeeper,25,0,0,7,6.5,False,Kifisia,????
Enner Valencia,Ecuador,厄瓜多,厄瓜多,Forward,36,49,21,105,8.6,True,Pachuca,????
Alan Minda,Ecuador,厄瓜多,厄瓜多,Midfielder,23,2,1,20,6.8,False,Atlético Mineiro,????
Pedro Vite,Ecuador,厄瓜多,厄瓜多,Midfielder,24,1,0,17,6.7,False,UNAM,????
Jordy Caicedo,Ecuador,厄瓜多,厄瓜多,Forward,28,4,2,20,7.1,False,Huracán,????
Ángelo Preciado,Ecuador,厄瓜多,厄瓜多,Defender,28,0,0,55,7.0,False,Atlético Mineiro,????
Denil Castillo,Ecuador,厄瓜多,厄瓜多,Midfielder,22,0,0,5,6.4,False,Midtjylland,????
Gonzalo Plata,Ecuador,厄瓜多,厄瓜多,Forward,25,8,3,50,7.3,True,Flamengo,????
Nilson Angulo,Ecuador,厄瓜多,厄瓜多,Forward,22,2,1,14,6.9,False,Sunderland,????
Alan Franco,Ecuador,厄瓜多,厄瓜多,Midfielder,27,1,0,58,7.0,False,Atlético Mineiro,????
Gonzalo Valle,Ecuador,厄瓜多,厄瓜多,Goalkeeper,30,0,0,4,6.4,False,LDU Quito,????
Moisés Caicedo,Ecuador,厄瓜多,厄瓜多,Midfielder,24,3,1,61,7.1,False,Chelsea,????
Jeremy Arévalo,Ecuador,厄瓜多,厄瓜多,Forward,21,0,0,4,6.4,False,VfB Stuttgart,????
Jackson Porozo,Ecuador,厄瓜多,厄瓜多,Defender,25,1,0,10,6.8,False,Tijuana,????
Yaimar Medina,Ecuador,厄瓜多,厄瓜多,Defender,21,0,0,6,6.5,False,Genk,????
Manuel Neuer,Germany,德國,德國,Goalkeeper,40,0,0,124,7.4,False,Bayern Munich,????
Antonio Rüdiger,Germany,德國,德國,Defender,33,3,1,82,7.3,False,Real Madrid,????
Waldemar Anton,Germany,德國,德國,Defender,29,0,0,13,6.5,False,Borussia Dortmund,????
Jonathan Tah,Germany,德國,德國,Defender,30,1,0,47,6.9,False,Bayern Munich,????
Aleksandar Pavlović,Germany,德國,德國,Midfielder,22,1,0,11,6.7,False,Bayern Munich,????
Joshua Kimmich,Germany,德國,德國,Defender,31,10,4,110,7.6,False,Bayern Munich,????
Kai Havertz,Germany,德國,德國,Forward,27,22,9,58,7.9,True,Arsenal,????
Leon Goretzka,Germany,德國,德國,Midfielder,31,15,6,70,7.6,False,Bayern Munich,????
Jamie Leweling,Germany,德國,德國,Midfielder,25,1,0,5,7.0,False,VfB Stuttgart,????
Jamal Musiala,Germany,德國,德國,Midfielder,23,9,4,42,7.4,False,Bayern Munich,????
Nick Woltemade,Germany,德國,德國,Forward,24,4,2,11,7.4,False,Newcastle United,????
Oliver Baumann,Germany,德國,德國,Goalkeeper,36,0,0,13,6.5,False,TSG Hoffenheim,????
Pascal Groß,Germany,德國,德國,Midfielder,34,1,0,18,6.7,False,Brighton & Hove Albion,????
Maximilian Beier,Germany,德國,德國,Forward,23,0,0,9,6.5,False,Borussia Dortmund,????
Nico Schlotterbeck,Germany,德國,德國,Defender,26,0,0,27,6.7,False,Borussia Dortmund,????
Angelo Stiller,Germany,德國,德國,Midfielder,25,0,0,8,6.5,False,VfB Stuttgart,????
Florian Wirtz,Germany,德國,德國,Midfielder,23,11,5,41,7.5,False,Liverpool,????
Nathaniel Brown,Germany,德國,德國,Defender,22,0,0,5,6.4,False,Eintracht Frankfurt,????
Leroy Sané,Germany,德國,德國,Midfielder,30,17,7,76,7.7,False,Galatasaray,????
Nadiem Amiri,Germany,德國,德國,Midfielder,29,1,0,11,6.7,False,Mainz 05,????
Alexander Nübel,Germany,德國,德國,Goalkeeper,29,0,0,3,6.4,False,VfB Stuttgart,????
David Raum,Germany,德國,德國,Defender,28,1,0,37,6.8,False,RB Leipzig,????
Felix Nmecha,Germany,德國,德國,Midfielder,25,1,0,8,6.8,False,Borussia Dortmund,????
Malick Thiaw,Germany,德國,德國,Defender,24,0,0,5,6.4,False,Newcastle United,????
Assan Ouédraogo,Germany,德國,德國,Midfielder,20,1,0,1,8.9,True,RB Leipzig,????
Deniz Undav,Germany,德國,德國,Forward,29,6,3,9,8.2,True,VfB Stuttgart,????
Yahia Fofana,Ivory Coast,象牙海岸,象牙海岸,Goalkeeper,25,0,0,35,6.8,False,Çaykur Rizespor,????
Ousmane Diomande,Ivory Coast,象牙海岸,象牙海岸,Defender,22,1,0,15,6.7,False,Sporting CP,????
Ghislain Konan,Ivory Coast,象牙海岸,象牙海岸,Defender,30,0,0,54,6.9,False,Gil Vicente,????
Jean Michaël Seri,Ivory Coast,象牙海岸,象牙海岸,Midfielder,34,4,2,65,7.2,False,Maribor,????
Wilfried Singo,Ivory Coast,象牙海岸,象牙海岸,Defender,25,1,0,34,6.8,False,Galatasaray,????
Seko Fofana,Ivory Coast,象牙海岸,象牙海岸,Midfielder,31,7,3,32,7.3,False,Porto,????
Odilon Kossounou,Ivory Coast,象牙海岸,象牙海岸,Defender,25,0,0,35,6.8,False,Atalanta,????
Franck Kessié,Ivory Coast,象牙海岸,象牙海岸,Midfielder,29,15,6,103,7.8,True,Al-Ahli,????
Ange-Yoan Bonny,Ivory Coast,象牙海岸,象牙海岸,Forward,22,0,0,1,6.4,False,Inter Milan,????
Simon Adingra,Ivory Coast,象牙海岸,象牙海岸,Forward,24,5,2,29,7.1,False,Monaco,????
Yan Diomande,Ivory Coast,象牙海岸,象牙海岸,Forward,19,3,1,10,7.2,False,RB Leipzig,????
Elye Wahi,Ivory Coast,象牙海岸,象牙海岸,Forward,23,0,0,2,6.4,False,Nice,????
Christopher Opéri,Ivory Coast,象牙海岸,象牙海岸,Defender,29,0,0,12,6.5,False,İstanbul Başakşehir,????
Oumar Diakité,Ivory Coast,象牙海岸,象牙海岸,Forward,22,6,3,29,7.2,False,Cercle Brugge,????
Amad Diallo,Ivory Coast,象牙海岸,象牙海岸,Forward,23,6,3,19,7.4,False,Manchester United,????
Mohamed Koné,Ivory Coast,象牙海岸,象牙海岸,Goalkeeper,24,0,0,0,6.4,False,Charleroi,????
Guéla Doué,Ivory Coast,象牙海岸,象牙海岸,Defender,23,3,1,20,7.0,False,Strasbourg,????
Ibrahim Sangaré,Ivory Coast,象牙海岸,象牙海岸,Midfielder,28,12,5,58,7.5,True,Nottingham Forest,????
Nicolas Pépé,Ivory Coast,象牙海岸,象牙海岸,Forward,31,12,5,55,7.5,True,Villarreal,????
Emmanuel Agbadou,Ivory Coast,象牙海岸,象牙海岸,Defender,28,2,1,20,6.8,False,Beşiktaş,????
Evan Ndicka,Ivory Coast,象牙海岸,象牙海岸,Defender,26,0,0,28,6.7,False,Roma,????
Evann Guessand,Ivory Coast,象牙海岸,象牙海岸,Forward,24,4,2,21,7.1,False,Crystal Palace,????
Alban Lafont,Ivory Coast,象牙海岸,象牙海岸,Goalkeeper,27,0,0,4,6.4,False,Panathinaikos,????
Bazoumana Touré,Ivory Coast,象牙海岸,象牙海岸,Forward,20,2,1,6,7.3,False,TSG Hoffenheim,????
Parfait Guiagon,Ivory Coast,象牙海岸,象牙海岸,Midfielder,25,0,0,5,6.4,False,Charleroi,????
Christ Inao Oulaï,Ivory Coast,象牙海岸,象牙海岸,Midfielder,20,0,0,9,6.5,False,Trabzonspor,????
Zion Suzuki,Japan,日本,日本,Goalkeeper,23,0,0,24,6.6,False,Parma,????
Yukinari Sugawara,Japan,日本,日本,Defender,25,2,1,21,6.8,False,Werder Bremen,????
Shōgo Taniguchi,Japan,日本,日本,Defender,34,1,0,38,6.8,False,Sint-Truiden,????
Kō Itakura,Japan,日本,日本,Defender,29,2,1,40,6.9,False,Ajax,????
Yūto Nagatomo,Japan,日本,日本,Defender,39,4,2,145,7.5,False,FC Tokyo,????
Wataru Endo,Japan,日本,日本,Midfielder,33,4,2,73,7.3,False,Liverpool,????
Ao Tanaka,Japan,日本,日本,Midfielder,27,8,3,38,7.3,False,Leeds United,????
Takefusa Kubo,Japan,日本,日本,Midfielder,25,7,3,49,7.2,False,Real Sociedad,????
Keisuke Gotō,Japan,日本,日本,Forward,21,0,0,4,6.4,False,Sint-Truiden,????
Ritsu Dōan,Japan,日本,日本,Midfielder,27,11,5,65,7.5,False,Eintracht Frankfurt,????
Daizen Maeda,Japan,日本,日本,Midfielder,28,4,2,27,7.0,False,Celtic,????
Keisuke Ōsako,Japan,日本,日本,Goalkeeper,26,0,0,11,6.5,False,Sanfrecce Hiroshima,????
Keito Nakamura,Japan,日本,日本,Midfielder,25,10,4,25,7.6,True,Reims,????
Junya Itō,Japan,日本,日本,Midfielder,33,15,6,69,7.6,False,Genk,????
Daichi Kamada,Japan,日本,日本,Midfielder,29,12,5,49,7.5,False,Crystal Palace,????
Tsuyoshi Watanabe,Japan,日本,日本,Defender,29,0,0,11,6.5,False,Feyenoord,????
Yuito Suzuki,Japan,日本,日本,Midfielder,24,0,0,6,6.5,False,SC Freiburg,????
Ayase Ueda,Japan,日本,日本,Forward,27,16,7,39,7.8,True,Feyenoord,????
Kōki Ogawa,Japan,日本,日本,Forward,28,11,5,15,8.4,True,NEC,????
Ayumu Seko,Japan,日本,日本,Defender,26,0,0,14,6.5,False,Le Havre,????
Hiroki Itō,Japan,日本,日本,Defender,27,1,0,24,6.7,False,Bayern Munich,????
Takehiro Tomiyasu,Japan,日本,日本,Defender,27,1,0,43,6.9,False,Ajax,????
Tomoki Hayakawa,Japan,日本,日本,Goalkeeper,27,0,0,4,6.4,False,Kashima Antlers,????
Kaishū Sano,Japan,日本,日本,Midfielder,25,0,0,13,6.5,False,Mainz 05,????
Junnosuke Suzuki,Japan,日本,日本,Defender,22,0,0,6,6.5,False,Copenhagen,????
Kento Shiogai,Japan,日本,日本,Forward,21,0,0,2,6.4,False,VfL Wolfsburg,????
Bart Verbruggen,Netherlands,荷蘭,荷蘭,Goalkeeper,23,0,0,28,6.7,False,Brighton & Hove Albion,????
Jurriën Timber,Netherlands,荷蘭,荷蘭,Defender,24,0,0,24,6.6,False,Arsenal,????
Marten de Roon,Netherlands,荷蘭,荷蘭,Midfielder,35,1,0,43,6.9,False,Atalanta,????
Virgil van Dijk,Netherlands,荷蘭,荷蘭,Defender,34,12,5,91,7.6,True,Liverpool,????
Nathan Aké,Netherlands,荷蘭,荷蘭,Defender,31,5,2,59,7.2,False,Manchester City,????
Jan Paul van Hecke,Netherlands,荷蘭,荷蘭,Defender,26,0,0,11,6.5,False,Brighton & Hove Albion,????
Justin Kluivert,Netherlands,荷蘭,荷蘭,Midfielder,27,0,0,12,6.5,False,Bournemouth,????
Ryan Gravenberch,Netherlands,荷蘭,荷蘭,Midfielder,24,1,0,26,6.8,False,Liverpool,????
Wout Weghorst,Netherlands,荷蘭,荷蘭,Forward,33,14,6,52,7.6,False,Ajax,????
Memphis Depay,Netherlands,荷蘭,荷蘭,Forward,32,55,23,109,8.7,True,Corinthians,????
Cody Gakpo,Netherlands,荷蘭,荷蘭,Forward,27,19,8,49,7.9,True,Liverpool,????
Mats Wieffer,Netherlands,荷蘭,荷蘭,Defender,26,1,0,15,6.7,False,Brighton & Hove Albion,????
Robin Roefs,Netherlands,荷蘭,荷蘭,Goalkeeper,23,0,0,1,6.4,False,Sunderland,????
Tijjani Reijnders,Netherlands,荷蘭,荷蘭,Midfielder,27,7,3,31,7.3,False,Manchester City,????
Micky van de Ven,Netherlands,荷蘭,荷蘭,Defender,25,1,0,20,6.7,False,Tottenham Hotspur,????
Guus Til,Netherlands,荷蘭,荷蘭,Midfielder,28,1,0,6,6.9,False,PSV Eindhoven,????
Noa Lang,Netherlands,荷蘭,荷蘭,Forward,26,3,1,15,7.0,False,Galatasaray,????
Donyell Malen,Netherlands,荷蘭,荷蘭,Forward,27,13,5,52,7.5,False,Roma,????
Brian Brobbey,Netherlands,荷蘭,荷蘭,Forward,24,1,0,11,6.7,False,Sunderland,????
Teun Koopmeiners,Netherlands,荷蘭,荷蘭,Midfielder,28,3,1,28,6.9,False,Juventus,????
Frenkie de Jong,Netherlands,荷蘭,荷蘭,Midfielder,29,2,1,65,7.1,False,Barcelona,????
Denzel Dumfries,Netherlands,荷蘭,荷蘭,Defender,30,11,5,71,7.5,False,Inter Milan,????
Mark Flekken,Netherlands,荷蘭,荷蘭,Goalkeeper,32,0,0,11,6.5,False,Bayer Leverkusen,????
Crysencio Summerville,Netherlands,荷蘭,荷蘭,Forward,24,0,0,1,6.4,False,West Ham United,????
Jorrel Hato,Netherlands,荷蘭,荷蘭,Defender,20,0,0,8,6.5,False,Chelsea,????
Quinten Timber,Netherlands,荷蘭,荷蘭,Midfielder,24,1,0,11,6.7,False,Marseille,????
Jacob Widell Zetterström,Sweden,瑞典,瑞典,Goalkeeper,27,0,0,3,6.4,False,Derby County,????
Gustaf Lagerbielke,Sweden,瑞典,瑞典,Defender,26,2,1,11,7.0,False,Braga,????
Victor Lindelöf,Sweden,瑞典,瑞典,Defender,31,3,1,76,7.3,False,Aston Villa,????
Isak Hien,Sweden,瑞典,瑞典,Defender,27,0,0,29,6.7,False,Atalanta,????
Gabriel Gudmundsson,Sweden,瑞典,瑞典,Defender,27,0,0,24,6.6,False,Leeds United,????
Herman Johansson,Sweden,瑞典,瑞典,Defender,28,0,0,3,6.4,False,FC Dallas,????
Lucas Bergvall,Sweden,瑞典,瑞典,Midfielder,20,0,0,10,6.5,False,Tottenham Hotspur,????
Daniel Svensson,Sweden,瑞典,瑞典,Defender,24,0,0,13,6.5,False,Borussia Dortmund,????
Alexander Isak,Sweden,瑞典,瑞典,Forward,26,17,7,58,7.7,True,Liverpool,????
Benjamin Nygren,Sweden,瑞典,瑞典,Midfielder,24,3,1,11,7.2,False,Celtic,????
Anthony Elanga,Sweden,瑞典,瑞典,Forward,24,6,3,30,7.2,False,Newcastle United,????
Viktor Johansson,Sweden,瑞典,瑞典,Goalkeeper,27,0,0,12,6.5,False,Stoke City,????
Ken Sema,Sweden,瑞典,瑞典,Midfielder,32,5,2,33,7.1,False,Pafos,????
Hjalmar Ekdal,Sweden,瑞典,瑞典,Defender,27,0,0,13,6.5,False,Burnley,????
Carl Starfelt,Sweden,瑞典,瑞典,Defender,31,0,0,18,6.6,False,Celta Vigo,????
Jesper Karlström,Sweden,瑞典,瑞典,Midfielder,30,0,0,25,6.6,False,Udinese,????
Viktor Gyökeres,Sweden,瑞典,瑞典,Forward,28,20,8,33,8.2,True,Arsenal,????
Yasin Ayari,Sweden,瑞典,瑞典,Midfielder,22,3,1,21,7.0,False,Brighton & Hove Albion,????
Mattias Svanberg,Sweden,瑞典,瑞典,Midfielder,27,2,1,41,6.9,False,VfL Wolfsburg,????
Eric Smith,Sweden,瑞典,瑞典,Defender,29,0,0,2,6.4,False,FC St. Pauli,????
Alexander Bernhardsson,Sweden,瑞典,瑞典,Defender,27,0,0,11,6.5,False,Holstein Kiel,????
Besfort Zeneli,Sweden,瑞典,瑞典,Midfielder,23,0,0,8,6.5,False,Union Saint-Gilloise,????
Kristoffer Nordfeldt,Sweden,瑞典,瑞典,Goalkeeper,36,0,0,21,6.6,False,AIK,????
Elliot Stroud,Sweden,瑞典,瑞典,Defender,23,0,0,1,6.4,False,Mjällby AIF,????
Gustaf Nilsson,Sweden,瑞典,瑞典,Forward,29,4,2,10,7.5,True,Club Brugge,????
Taha Ali,Sweden,瑞典,瑞典,Forward,27,0,0,2,6.4,False,Malmö FF,????
Mouhib Chamakh,Tunisia,突尼西亞,突尼西亞,Goalkeeper,24,0,0,2,6.4,False,Club Africain,????
Ali Abdi,Tunisia,突尼西亞,突尼西亞,Defender,32,7,3,46,7.2,True,Nice,????
Montassar Talbi,Tunisia,突尼西亞,突尼西亞,Defender,28,4,2,64,7.2,True,Lorient,????
Omar Rekik,Tunisia,突尼西亞,突尼西亞,Defender,24,0,0,6,6.5,False,Maribor,????
Adem Arous,Tunisia,突尼西亞,突尼西亞,Defender,21,0,0,2,6.4,False,Kasımpaşa,????
Dylan Bronn,Tunisia,突尼西亞,突尼西亞,Defender,30,2,1,52,7.0,False,Servette,????
Elias Achouri,Tunisia,突尼西亞,突尼西亞,Forward,27,4,2,30,7.0,False,Copenhagen,????
Elias Saad,Tunisia,突尼西亞,突尼西亞,Forward,26,4,2,15,7.2,False,Hannover 96,????
Hazem Mastouri,Tunisia,突尼西亞,突尼西亞,Forward,28,4,2,19,7.1,False,Dynamo Makhachkala,????
Hannibal Mejbri,Tunisia,突尼西亞,突尼西亞,Midfielder,23,1,0,45,6.9,False,Burnley,????
Ismaël Gharbi,Tunisia,突尼西亞,突尼西亞,Midfielder,22,2,1,17,6.9,False,FC Augsburg,????
Mortadha Ben Ouanes,Tunisia,突尼西亞,突尼西亞,Defender,31,0,0,18,6.6,False,Kasımpaşa,????
Rani Khedira,Tunisia,突尼西亞,突尼西亞,Midfielder,32,0,0,3,6.4,False,Union Berlin,????
Khalil Ayari,Tunisia,突尼西亞,突尼西亞,Midfielder,21,0,0,4,6.4,False,Paris Saint-Germain,????
Hadj Mahmoud,Tunisia,突尼西亞,突尼西亞,Midfielder,26,0,0,9,6.5,False,Lugano,????
Aymen Dahmen,Tunisia,突尼西亞,突尼西亞,Goalkeeper,29,0,0,37,6.8,False,CS Sfaxien,????
Ellyes Skhiri,Tunisia,突尼西亞,突尼西亞,Midfielder,31,4,2,83,7.4,True,Eintracht Frankfurt,????
Rayan Elloumi,Tunisia,突尼西亞,突尼西亞,Forward,18,0,0,4,6.4,False,Vancouver Whitecaps FC,????
Firas Chaouat,Tunisia,突尼西亞,突尼西亞,Forward,30,6,3,30,7.2,False,Club Africain,????
Yan Valery,Tunisia,突尼西亞,突尼西亞,Defender,27,0,0,22,6.6,False,Young Boys,????
Mohamed Amine Ben Hamida,Tunisia,突尼西亞,突尼西亞,Defender,30,0,0,13,6.5,False,Espérance de Tunis,????
Sabri Ben Hessen,Tunisia,突尼西亞,突尼西亞,Goalkeeper,29,0,0,2,6.4,False,Étoile du Sahel,????
Moutaz Neffati,Tunisia,突尼西亞,突尼西亞,Defender,21,0,0,5,6.4,False,IFK Norrköping,????
Raed Chikhaoui,Tunisia,突尼西亞,突尼西亞,Defender,22,0,0,0,6.4,False,US Monastir,????
Anis Ben Slimane,Tunisia,突尼西亞,突尼西亞,Midfielder,25,4,2,41,7.1,False,Norwich City,????
Sebastian Tounekti,Tunisia,突尼西亞,突尼西亞,Midfielder,23,1,0,12,6.7,False,Celtic,????
Thibaut Courtois,Belgium,比利時,比利時,Goalkeeper,34,0,0,109,7.4,False,Real Madrid,????
Zeno Debast,Belgium,比利時,比利時,Defender,22,1,0,26,6.8,False,Sporting CP,????
Arthur Theate,Belgium,比利時,比利時,Defender,26,1,0,33,6.8,False,Eintracht Frankfurt,????
Brandon Mechele,Belgium,比利時,比利時,Defender,33,1,0,9,6.8,False,Club Brugge,????
Maxim De Cuyper,Belgium,比利時,比利時,Defender,25,4,2,19,7.1,False,Brighton & Hove Albion,????
Axel Witsel,Belgium,比利時,比利時,Midfielder,37,12,5,138,7.6,True,Girona,????
Kevin De Bruyne,Belgium,比利時,比利時,Midfielder,34,37,16,119,8.2,True,Napoli,????
Youri Tielemans,Belgium,比利時,比利時,Midfielder,29,13,5,85,7.6,False,Aston Villa,????
Romelu Lukaku,Belgium,比利時,比利時,Forward,33,90,38,126,9.2,True,Napoli,????
Leandro Trossard,Belgium,比利時,比利時,Forward,31,12,5,51,7.5,False,Arsenal,????
Jérémy Doku,Belgium,比利時,比利時,Forward,24,7,3,43,7.2,False,Manchester City,????
Senne Lammens,Belgium,比利時,比利時,Goalkeeper,23,0,0,2,6.4,False,Manchester United,????
Mike Penders,Belgium,比利時,比利時,Goalkeeper,20,0,0,0,6.4,False,Strasbourg,????
Dodi Lukébakio,Belgium,比利時,比利時,Forward,28,6,3,30,7.2,False,Benfica,????
Thomas Meunier,Belgium,比利時,比利時,Defender,34,10,4,80,7.5,False,Lille,????
Koni De Winter,Belgium,比利時,比利時,Defender,23,0,0,8,6.5,False,Milan,????
Charles De Ketelaere,Belgium,比利時,比利時,Forward,25,6,3,30,7.2,False,Atalanta,????
Joaquin Seys,Belgium,比利時,比利時,Defender,21,0,0,5,6.4,False,Club Brugge,????
Diego Moreira,Belgium,比利時,比利時,Midfielder,21,0,0,3,6.4,False,Strasbourg,????
Hans Vanaken,Belgium,比利時,比利時,Midfielder,33,7,3,34,7.3,False,Club Brugge,????
Timothy Castagne,Belgium,比利時,比利時,Defender,30,2,1,63,7.1,False,Fulham,????
Alexis Saelemaekers,Belgium,比利時,比利時,Midfielder,26,2,1,24,6.8,False,Milan,????
Nicolas Raskin,Belgium,比利時,比利時,Midfielder,25,2,1,13,6.9,False,Rangers,????
Amadou Onana,Belgium,比利時,比利時,Midfielder,24,1,0,29,6.8,False,Aston Villa,????
Nathan Ngoy,Belgium,比利時,比利時,Defender,23,0,0,4,6.4,False,Lille,????
Matias Fernandez-Pardo,Belgium,比利時,比利時,Forward,21,0,0,2,6.4,False,Lille,????
Mohamed El Shenawy,Egypt,埃及,埃及,Goalkeeper,37,0,0,76,7.2,False,Al Ahly,????
Yasser Ibrahim,Egypt,埃及,埃及,Defender,33,1,0,17,6.7,False,Al Ahly,????
Mohamed Hany,Egypt,埃及,埃及,Defender,30,0,0,42,6.8,False,Al Ahly,????
Hossam Abdelmaguid,Egypt,埃及,埃及,Defender,25,0,0,13,6.5,False,Zamalek,????
Ramy Rabia,Egypt,埃及,埃及,Defender,33,5,2,44,7.1,False,Al Ain,????
Mohamed Abdelmonem,Egypt,埃及,埃及,Defender,27,3,1,36,7.0,False,Nice,????
Trézéguet,Egypt,埃及,埃及,Forward,31,23,10,96,8.0,True,Al Ahly,????
Emam Ashour,Egypt,埃及,埃及,Midfielder,28,0,0,29,6.7,False,Al Ahly,????
Hamza Abdelkarim,Egypt,埃及,埃及,Forward,18,0,0,2,6.4,False,Barcelona B,????
Mohamed Salah,Egypt,埃及,埃及,Forward,33,67,28,116,8.8,True,Liverpool,????
Mostafa Ziko,Egypt,埃及,埃及,Midfielder,29,2,1,2,8.9,True,Pyramids,????
Haissem Hassan,Egypt,埃及,埃及,Forward,24,0,0,4,6.4,False,Oviedo,????
Ahmed Fatouh,Egypt,埃及,埃及,Defender,28,1,0,39,6.9,False,Zamalek,????
Hamdy Fathy,Egypt,埃及,埃及,Midfielder,31,3,1,63,7.2,False,Al-Wakrah,????
Karim Hafez,Egypt,埃及,埃及,Defender,30,0,0,9,6.5,False,Pyramids,????
El Mahdy Soliman,Egypt,埃及,埃及,Goalkeeper,39,0,0,0,6.4,False,Zamalek,????
Mohanad Lasheen,Egypt,埃及,埃及,Midfielder,30,0,0,23,6.6,False,Pyramids,????
Nabil Emad,Egypt,埃及,埃及,Midfielder,30,0,0,12,6.5,False,Al-Najma,????
Marwan Attia,Egypt,埃及,埃及,Midfielder,27,1,0,34,6.8,False,Al Ahly,????
Ibrahim Adel,Egypt,埃及,埃及,Forward,25,3,1,24,7.0,False,Nordsjælland,????
Mahmoud Saber,Egypt,埃及,埃及,Midfielder,24,1,0,15,6.7,False,ZED,????
Omar Marmoush,Egypt,埃及,埃及,Forward,27,11,5,49,7.5,False,Manchester City,????
Mostafa Shobeir,Egypt,埃及,埃及,Goalkeeper,26,0,0,9,6.5,False,Al Ahly,????
Tarek Alaa,Egypt,埃及,埃及,Defender,24,0,0,3,6.4,False,ZED,????
Zizo,Egypt,埃及,埃及,Forward,30,5,2,63,7.2,False,Al Ahly,????
Mohamed Alaa,Egypt,埃及,埃及,Goalkeeper,27,0,0,0,6.4,False,El Gouna,????
Alireza Beiranvand,Iran,伊朗,伊朗,Goalkeeper,33,0,0,86,7.3,False,Tractor,????
Saleh Hardani,Iran,伊朗,伊朗,Defender,27,1,0,18,6.7,False,Esteghlal,????
Ehsan Hajsafi,Iran,伊朗,伊朗,Defender,36,7,3,146,7.5,False,Sepahan,????
Shojae Khalilzadeh,Iran,伊朗,伊朗,Defender,37,2,1,58,7.1,False,Tractor,????
Milad Mohammadi,Iran,伊朗,伊朗,Defender,32,1,0,76,7.2,False,Persepolis,????
Saeid Ezatolahi,Iran,伊朗,伊朗,Midfielder,29,2,1,83,7.3,False,Shabab Al Ahli,????
Alireza Jahanbakhsh,Iran,伊朗,伊朗,Midfielder,32,17,7,98,7.8,True,Dender,????
Mohammad Mohebi,Iran,伊朗,伊朗,Midfielder,27,14,6,36,7.7,True,Rostov,????
Mehdi Taremi,Iran,伊朗,伊朗,Forward,33,60,25,105,8.8,True,Olympiacos,????
Mehdi Ghayedi,Iran,伊朗,伊朗,Forward,27,10,4,30,7.5,False,Al Nasr,????
Ali Alipour,Iran,伊朗,伊朗,Forward,30,1,0,14,6.7,False,Persepolis,????
Payam Niazmand,Iran,伊朗,伊朗,Goalkeeper,31,0,0,15,6.6,False,Persepolis,????
Hossein Kanaanizadegan,Iran,伊朗,伊朗,Defender,32,6,3,65,7.3,False,Persepolis,????
Saman Ghoddos,Iran,伊朗,伊朗,Midfielder,32,3,1,68,7.2,False,Kalba,????
Rouzbeh Cheshmi,Iran,伊朗,伊朗,Midfielder,32,3,1,40,7.0,False,Esteghlal,????
Mehdi Torabi,Iran,伊朗,伊朗,Midfielder,31,7,3,52,7.3,False,Tractor,????
Aria Yousefi,Iran,伊朗,伊朗,Defender,24,1,0,14,6.7,False,Sepahan,????
Amirhossein Hosseinzadeh,Iran,伊朗,伊朗,Forward,25,5,2,18,7.3,False,Tractor,????
Ali Nemati,Iran,伊朗,伊朗,Defender,30,0,0,17,6.6,False,Foolad,????
Shahriyar Moghanlou,Iran,伊朗,伊朗,Forward,31,2,1,21,6.8,False,Kalba,????
Mohammad Ghorbani,Iran,伊朗,伊朗,Midfielder,24,0,0,16,6.6,False,Al Wahda,????
Hossein Hosseini,Iran,伊朗,伊朗,Goalkeeper,33,0,0,13,6.5,False,Sepahan,????
Ramin Rezaeian,Iran,伊朗,伊朗,Defender,36,8,3,74,7.4,False,Foolad,????
Dennis Eckert,Iran,伊朗,伊朗,Forward,29,0,0,0,6.4,False,Standard Liège,????
Danial Eiri,Iran,伊朗,伊朗,Defender,22,0,0,0,6.4,False,Malavan,????
Amirmohammad Razzaghinia,Iran,伊朗,伊朗,Midfielder,20,0,0,4,6.4,False,Esteghlal,????
Max Crocombe,New Zealand,紐西蘭,紐西蘭,Goalkeeper,32,0,0,24,6.6,False,Millwall,????
Tim Payne,New Zealand,紐西蘭,紐西蘭,Defender,32,3,1,51,7.1,False,Wellington Phoenix,????
Francis de Vries,New Zealand,紐西蘭,紐西蘭,Defender,31,1,0,20,6.7,False,Auckland FC,????
Tyler Bindon,New Zealand,紐西蘭,紐西蘭,Defender,21,3,1,25,7.0,False,Sheffield United,????
Michael Boxall,New Zealand,紐西蘭,紐西蘭,Defender,37,1,0,63,7.1,False,Minnesota United FC,????
Joe Bell,New Zealand,紐西蘭,紐西蘭,Midfielder,27,1,0,32,6.8,False,Viking,????
Matthew Garbett,New Zealand,紐西蘭,紐西蘭,Midfielder,24,5,2,37,7.1,False,Peterborough United,????
Marko Stamenić,New Zealand,紐西蘭,紐西蘭,Midfielder,24,3,1,39,7.0,False,Swansea City,????
Chris Wood,New Zealand,紐西蘭,紐西蘭,Forward,34,45,19,90,8.6,True,Nottingham Forest,????
Sarpreet Singh,New Zealand,紐西蘭,紐西蘭,Midfielder,27,3,1,28,6.9,False,Wellington Phoenix,????
Elijah Just,New Zealand,紐西蘭,紐西蘭,Midfielder,26,9,4,44,7.4,True,Motherwell,????
Alex Paulsen,New Zealand,紐西蘭,紐西蘭,Goalkeeper,23,0,0,8,6.5,False,Lechia Gdańsk,????
Liberato Cacace,New Zealand,紐西蘭,紐西蘭,Defender,25,1,0,37,6.8,False,Wrexham,????
Alex Rufer,New Zealand,紐西蘭,紐西蘭,Midfielder,29,0,0,26,6.7,False,Wellington Phoenix,????
Nando Pijnaker,New Zealand,紐西蘭,紐西蘭,Defender,27,0,0,25,6.6,False,Auckland FC,????
Finn Surman,New Zealand,紐西蘭,紐西蘭,Defender,22,2,1,19,6.9,False,Portland Timbers,????
Kosta Barbarouses,New Zealand,紐西蘭,紐西蘭,Forward,36,10,4,76,7.5,True,Western Sydney Wanderers,????
Ben Waine,New Zealand,紐西蘭,紐西蘭,Forward,25,9,4,31,7.4,False,Port Vale,????
Ben Old,New Zealand,紐西蘭,紐西蘭,Midfielder,23,2,1,24,6.8,False,Saint-Étienne,????
Callum McCowatt,New Zealand,紐西蘭,紐西蘭,Midfielder,27,4,2,32,7.0,False,Silkeborg,????
Jesse Randall,New Zealand,紐西蘭,紐西蘭,Forward,23,2,1,11,7.0,False,Auckland FC,????
Michael Woud,New Zealand,紐西蘭,紐西蘭,Goalkeeper,27,0,0,6,6.5,False,Auckland FC,????
Ryan Thomas,New Zealand,紐西蘭,紐西蘭,Midfielder,31,3,1,25,7.0,False,PEC Zwolle,????
Callan Elliot,New Zealand,紐西蘭,紐西蘭,Defender,26,0,0,11,6.5,False,Auckland FC,????
Lachlan Bayliss,New Zealand,紐西蘭,紐西蘭,Midfielder,23,0,0,4,6.4,False,Newcastle Jets,????
Tommy Smith,New Zealand,紐西蘭,紐西蘭,Defender,36,2,1,56,7.0,False,Braintree Town,????
Vozinha,Cape Verde,維德角,維德角,Goalkeeper,40,0,0,86,7.3,False,Chaves,????
Stopira,Cape Verde,維德角,維德角,Defender,38,4,2,62,7.2,False,Torreense,????
Diney,Cape Verde,維德角,維德角,Defender,31,2,1,30,6.9,False,Al Bataeh,????
Roberto Lopes,Cape Verde,維德角,維德角,Defender,33,0,0,45,6.8,False,Shamrock Rovers,????
Logan Costa,Cape Verde,維德角,維德角,Defender,25,0,0,28,6.7,False,Villarreal,????
Kevin Pina,Cape Verde,維德角,維德角,Midfielder,29,3,1,31,7.0,False,Krasnodar,????
Jovane Cabral,Cape Verde,維德角,維德角,Midfielder,27,2,1,27,6.9,False,Estrela Amadora,????
João Paulo,Cape Verde,維德角,維德角,Midfielder,28,1,0,42,6.9,False,FCSB,????
Gilson Benchimol,Cape Verde,維德角,維德角,Forward,24,6,3,22,7.3,False,Akron Tolyatti,????
Jamiro Monteiro,Cape Verde,維德角,維德角,Midfielder,32,5,2,55,7.2,False,PEC Zwolle,????
Garry Rodrigues,Cape Verde,維德角,維德角,Midfielder,35,10,4,60,7.4,True,Apollon Limassol,????
Márcio Rosa,Cape Verde,維德角,維德角,Goalkeeper,29,0,0,11,6.5,False,Montana,????
Sidny Lopes Cabral,Cape Verde,維德角,維德角,Defender,23,3,1,9,7.3,False,Benfica,????
Deroy Duarte,Cape Verde,維德角,維德角,Midfielder,26,0,0,30,6.7,False,Ludogorets Razgrad,????
Laros Duarte,Cape Verde,維德角,維德角,Midfielder,29,1,0,13,6.7,False,Puskás Akadémia,????
Yannick Semedo,Cape Verde,維德角,維德角,Midfielder,30,1,0,10,6.8,False,Farense,????
Willy Semedo,Cape Verde,維德角,維德角,Midfielder,32,3,1,38,7.0,False,Omonia,????
Telmo Arcanjo,Cape Verde,維德角,維德角,Midfielder,24,1,0,16,6.7,False,Vitória de Guimarães,????
Dailon Livramento,Cape Verde,維德角,維德角,Forward,25,7,3,22,7.4,True,Casa Pia,????
Ryan Mendes,Cape Verde,維德角,維德角,Forward,36,22,9,98,7.9,True,Iğdır,????
Nuno da Costa,Cape Verde,維德角,維德角,Midfielder,35,2,1,9,7.0,False,İstanbul Başakşehir,????
Steven Moreira,Cape Verde,維德角,維德角,Defender,31,0,0,20,6.6,False,Columbus Crew,????
CJ dos Santos,Cape Verde,維德角,維德角,Goalkeeper,25,0,0,1,6.4,False,San Diego FC,????
Wagner Pina,Cape Verde,維德角,維德角,Defender,23,0,0,13,6.5,False,Trabzonspor,????
Kelvin Pires,Cape Verde,維德角,維德角,Defender,26,1,0,5,7.0,False,SJK,????
Hélio Varela,Cape Verde,維德角,維德角,Midfielder,24,0,0,20,6.6,False,Maccabi Tel Aviv,????
Nawaf Al-Aqidi,Saudi Arabia,沙烏地阿拉伯,沙烏地阿拉伯,Goalkeeper,26,0,0,22,6.6,False,Al-Nassr,????
Ali Majrashi,Saudi Arabia,沙烏地阿拉伯,沙烏地阿拉伯,Defender,26,0,0,21,6.6,False,Al-Ahli,????
Ali Lajami,Saudi Arabia,沙烏地阿拉伯,沙烏地阿拉伯,Defender,30,1,0,21,6.7,False,Al-Hilal,????
Abdulelah Al-Amri,Saudi Arabia,沙烏地阿拉伯,沙烏地阿拉伯,Defender,29,1,0,42,6.9,False,Al-Nassr,????
Hassan Al-Tambakti,Saudi Arabia,沙烏地阿拉伯,沙烏地阿拉伯,Defender,27,1,0,51,7.0,False,Al-Hilal,????
Nasser Al-Dawsari,Saudi Arabia,沙烏地阿拉伯,沙烏地阿拉伯,Midfielder,27,0,0,43,6.8,False,Al-Hilal,????
Musab Al-Juwayr,Saudi Arabia,沙烏地阿拉伯,沙烏地阿拉伯,Midfielder,22,6,3,34,7.2,False,Al-Qadsiah,????
Ayman Yahya,Saudi Arabia,沙烏地阿拉伯,沙烏地阿拉伯,Forward,25,0,0,26,6.7,False,Al-Nassr,????
Firas Al-Buraikan,Saudi Arabia,沙烏地阿拉伯,沙烏地阿拉伯,Forward,26,15,6,69,7.6,True,Al-Ahli,????
Salem Al-Dawsari,Saudi Arabia,沙烏地阿拉伯,沙烏地阿拉伯,Forward,34,27,11,109,8.0,True,Al-Hilal,????
Saleh Al-Shehri,Saudi Arabia,沙烏地阿拉伯,沙烏地阿拉伯,Forward,32,18,8,55,7.8,True,Al-Ittihad,????
Saud Abdulhamid,Saudi Arabia,沙烏地阿拉伯,沙烏地阿拉伯,Defender,26,1,0,54,7.0,False,Lens,????
Nawaf Boushal,Saudi Arabia,沙烏地阿拉伯,沙烏地阿拉伯,Defender,26,0,0,24,6.6,False,Al-Nassr,????
Hassan Kadesh,Saudi Arabia,沙烏地阿拉伯,沙烏地阿拉伯,Defender,33,2,1,20,6.8,False,Al-Ittihad,????
Abdullah Al-Khaibari,Saudi Arabia,沙烏地阿拉伯,沙烏地阿拉伯,Midfielder,29,0,0,39,6.8,False,Al-Nassr,????
Ziyad Al-Johani,Saudi Arabia,沙烏地阿拉伯,沙烏地阿拉伯,Midfielder,24,0,0,12,6.5,False,Al-Ahli,????
Khalid Al-Ghannam,Saudi Arabia,沙烏地阿拉伯,沙烏地阿拉伯,Forward,25,0,0,6,6.5,False,Al-Ettifaq,????
Alaa Al-Hejji,Saudi Arabia,沙烏地阿拉伯,沙烏地阿拉伯,Midfielder,30,0,0,2,6.4,False,Neom,????
Abdullah Al-Hamdan,Saudi Arabia,沙烏地阿拉伯,沙烏地阿拉伯,Forward,26,12,5,49,7.5,False,Al-Nassr,????
Sultan Mandash,Saudi Arabia,沙烏地阿拉伯,沙烏地阿拉伯,Forward,31,2,1,6,7.3,False,Al-Hilal,????
Mohammed Al-Owais,Saudi Arabia,沙烏地阿拉伯,沙烏地阿拉伯,Goalkeeper,34,0,0,63,7.0,False,Al-Ula,????
Ahmed Al-Kassar,Saudi Arabia,沙烏地阿拉伯,沙烏地阿拉伯,Goalkeeper,35,0,0,9,6.5,False,Al-Qadsiah,????
Mohamed Kanno,Saudi Arabia,沙烏地阿拉伯,沙烏地阿拉伯,Midfielder,31,8,3,76,7.4,False,Al-Hilal,????
Moteb Al-Harbi,Saudi Arabia,沙烏地阿拉伯,沙烏地阿拉伯,Defender,26,0,0,12,6.5,False,Al-Hilal,????
Jehad Thakri,Saudi Arabia,沙烏地阿拉伯,沙烏地阿拉伯,Defender,24,0,0,7,6.5,False,Al-Qadsiah,????
Mohammed Abu Al-Shamat,Saudi Arabia,沙烏地阿拉伯,沙烏地阿拉伯,Defender,23,0,0,6,6.5,False,Al-Qadsiah,????
David Raya,Spain,西班牙,西班牙,Goalkeeper,30,0,0,12,6.5,False,Arsenal,????
Marc Pubill,Spain,西班牙,西班牙,Defender,22,0,0,1,6.4,False,Atlético Madrid,????
Álex Grimaldo,Spain,西班牙,西班牙,Defender,30,0,0,13,6.5,False,Bayer Leverkusen,????
Eric García,Spain,西班牙,西班牙,Defender,25,0,0,20,6.6,False,Barcelona,????
Marcos Llorente,Spain,西班牙,西班牙,Defender,31,0,0,23,6.6,False,Atlético Madrid,????
Mikel Merino,Spain,西班牙,西班牙,Midfielder,29,10,4,42,7.4,False,Arsenal,????
Ferran Torres,Spain,西班牙,西班牙,Forward,26,24,10,56,8.0,True,Barcelona,????
Fabián Ruiz,Spain,西班牙,西班牙,Midfielder,30,6,3,41,7.2,False,Paris Saint-Germain,????
Gavi,Spain,西班牙,西班牙,Midfielder,21,5,2,29,7.1,False,Barcelona,????
Dani Olmo,Spain,西班牙,西班牙,Forward,28,12,5,49,7.5,False,Barcelona,????
Yéremy Pino,Spain,西班牙,西班牙,Forward,23,4,2,22,7.1,False,Crystal Palace,????
Pedro Porro,Spain,西班牙,西班牙,Defender,26,0,0,17,6.6,False,Tottenham Hotspur,????
Joan Garcia,Spain,西班牙,西班牙,Goalkeeper,25,0,0,2,6.4,False,Barcelona,????
Aymeric Laporte,Spain,西班牙,西班牙,Defender,32,2,1,45,7.0,False,Athletic Bilbao,????
Álex Baena,Spain,西班牙,西班牙,Midfielder,24,2,1,16,6.9,False,Atlético Madrid,????
Rodri,Spain,西班牙,西班牙,Midfielder,29,4,2,61,7.2,False,Manchester City,????
Nico Williams,Spain,西班牙,西班牙,Forward,23,6,3,30,7.2,False,Athletic Bilbao,????
Martín Zubimendi,Spain,西班牙,西班牙,Midfielder,27,3,1,25,7.0,False,Arsenal,????
Lamine Yamal,Spain,西班牙,西班牙,Forward,18,6,3,25,7.2,False,Barcelona,????
Pedri,Spain,西班牙,西班牙,Midfielder,23,5,2,40,7.1,False,Barcelona,????
Mikel Oyarzabal,Spain,西班牙,西班牙,Forward,29,24,10,52,8.1,True,Real Sociedad,????
Pau Cubarsí,Spain,西班牙,西班牙,Defender,19,0,0,11,6.5,False,Barcelona,????
Unai Simón,Spain,西班牙,西班牙,Goalkeeper,29,0,0,57,7.0,False,Athletic Bilbao,????
Marc Cucurella,Spain,西班牙,西班牙,Defender,27,1,0,23,6.7,False,Chelsea,????
Víctor Muñoz,Spain,西班牙,西班牙,Forward,22,1,0,2,7.7,True,Osasuna,????
Borja Iglesias,Spain,西班牙,西班牙,Forward,33,0,0,7,6.5,False,Celta Vigo,????
Sergio Rochet,Uruguay,烏拉圭,烏拉圭,Goalkeeper,33,0,0,35,6.8,False,Internacional,????
José Giménez,Uruguay,烏拉圭,烏拉圭,Defender,31,8,3,99,7.6,True,Atlético Madrid,????
Sebastián Cáceres,Uruguay,烏拉圭,烏拉圭,Defender,26,0,0,24,6.6,False,América,????
Ronald Araújo,Uruguay,烏拉圭,烏拉圭,Defender,27,1,0,27,6.8,False,Barcelona,????
Manuel Ugarte,Uruguay,烏拉圭,烏拉圭,Midfielder,25,1,0,36,6.8,False,Manchester United,????
Rodrigo Bentancur,Uruguay,烏拉圭,烏拉圭,Midfielder,28,3,1,74,7.2,False,Tottenham Hotspur,????
Nicolás de la Cruz,Uruguay,烏拉圭,烏拉圭,Midfielder,29,5,2,34,7.1,False,Flamengo,????
Federico Valverde,Uruguay,烏拉圭,烏拉圭,Midfielder,27,9,4,73,7.4,False,Real Madrid,????
Darwin Núñez,Uruguay,烏拉圭,烏拉圭,Forward,26,13,5,38,7.6,True,Al-Hilal,????
Giorgian de Arrascaeta,Uruguay,烏拉圭,烏拉圭,Midfielder,32,13,5,60,7.5,True,Flamengo,????
Facundo Pellistri,Uruguay,烏拉圭,烏拉圭,Forward,24,2,1,39,6.9,False,Panathinaikos,????
Santiago Mele,Uruguay,烏拉圭,烏拉圭,Goalkeeper,28,0,0,8,6.5,False,Monterrey,????
Guillermo Varela,Uruguay,烏拉圭,烏拉圭,Defender,33,0,0,28,6.7,False,Flamengo,????
Agustín Canobbio,Uruguay,烏拉圭,烏拉圭,Midfielder,27,1,0,15,6.7,False,Fluminense,????
Emiliano Martínez,Uruguay,烏拉圭,烏拉圭,Midfielder,26,0,0,10,6.5,False,Palmeiras,????
Mathías Olivera,Uruguay,烏拉圭,烏拉圭,Defender,28,2,1,35,6.9,False,Napoli,????
Matías Viña,Uruguay,烏拉圭,烏拉圭,Defender,28,1,0,43,6.9,False,River Plate,????
Brian Rodríguez,Uruguay,烏拉圭,烏拉圭,Forward,26,4,2,32,7.0,False,América,????
Rodrigo Aguirre,Uruguay,烏拉圭,烏拉圭,Forward,31,3,1,10,7.2,False,UANL,????
Maximiliano Araújo,Uruguay,烏拉圭,烏拉圭,Midfielder,26,3,1,28,6.9,False,Sporting CP,????
Federico Viñas,Uruguay,烏拉圭,烏拉圭,Forward,27,2,1,11,7.0,False,Oviedo,????
Joaquín Piquerez,Uruguay,烏拉圭,烏拉圭,Midfielder,27,0,0,19,6.6,False,Palmeiras,????
Fernando Muslera,Uruguay,烏拉圭,烏拉圭,Goalkeeper,39,0,0,134,7.4,False,Estudiantes,????
Santiago Bueno,Uruguay,烏拉圭,烏拉圭,Defender,27,0,0,8,6.5,False,Wolverhampton Wanderers,????
Juan Manuel Sanabria,Uruguay,烏拉圭,烏拉圭,Midfielder,26,1,0,5,7.0,False,Real Salt Lake,????
Rodrigo Zalazar,Uruguay,烏拉圭,烏拉圭,Midfielder,26,2,1,8,7.1,False,Braga,????
Brice Samba,France,法國,法國,Goalkeeper,32,0,0,4,6.4,False,Rennes,????
Malo Gusto,France,法國,法國,Defender,23,0,0,10,6.5,False,Chelsea,????
Lucas Digne,France,法國,法國,Defender,32,0,0,57,7.0,False,Aston Villa,????
Dayot Upamecano,France,法國,法國,Defender,27,2,1,37,6.9,False,Bayern Munich,????
Jules Koundé,France,法國,法國,Defender,27,0,0,47,6.9,False,Barcelona,????
Manu Koné,France,法國,法國,Midfielder,25,0,0,13,6.5,False,Roma,????
Ousmane Dembélé,France,法國,法國,Forward,29,7,3,58,7.3,True,Paris Saint-Germain,????
Aurélien Tchouaméni,France,法國,法國,Midfielder,26,3,1,45,7.0,False,Real Madrid,????
Marcus Thuram,France,法國,法國,Forward,28,3,1,34,7.0,False,Inter Milan,????
Kylian Mbappé,France,法國,法國,Forward,27,56,24,97,8.8,True,Real Madrid,????
Michael Olise,France,法國,法國,Forward,24,4,2,16,7.2,False,Bayern Munich,????
Bradley Barcola,France,法國,法國,Forward,23,3,1,19,7.0,False,Paris Saint-Germain,????
N'Golo Kanté,France,法國,法國,Midfielder,35,2,1,68,7.2,False,Fenerbahçe,????
Adrien Rabiot,France,法國,法國,Midfielder,31,7,3,58,7.3,False,Milan,????
Ibrahima Konaté,France,法國,法國,Defender,27,0,0,28,6.7,False,Liverpool,????
Mike Maignan,France,法國,法國,Goalkeeper,30,0,0,39,6.8,False,Milan,????
William Saliba,France,法國,法國,Defender,25,0,0,31,6.7,False,Arsenal,????
Warren Zaïre-Emery,France,法國,法國,Midfielder,20,1,0,11,6.7,False,Paris Saint-Germain,????
Théo Hernandez,France,法國,法國,Defender,28,2,1,43,6.9,False,Al-Hilal,????
Désiré Doué,France,法國,法國,Forward,21,2,1,6,7.3,False,Paris Saint-Germain,????
Lucas Hernandez,France,法國,法國,Defender,30,0,0,42,6.8,False,Paris Saint-Germain,????
Jean-Philippe Mateta,France,法國,法國,Forward,28,2,1,4,7.7,True,Crystal Palace,????
Robin Risser,France,法國,法國,Goalkeeper,21,0,0,0,6.4,False,Lens,????
Rayan Cherki,France,法國,法國,Midfielder,22,2,1,6,7.3,False,Manchester City,????
Maghnes Akliouche,France,法國,法國,Midfielder,24,1,0,8,6.8,False,Monaco,????
Maxence Lacroix,France,法國,法國,Defender,26,0,0,3,6.4,False,Crystal Palace,????
Fahad Talib,Iraq,伊拉克,伊拉克,Goalkeeper,31,0,0,21,6.6,False,Al-Talaba,????
Rebin Sulaka,Iraq,伊拉克,伊拉克,Defender,34,1,0,55,7.0,False,Port,????
Hussein Ali,Iraq,伊拉克,伊拉克,Defender,24,1,0,26,6.8,False,Pogoń Szczecin,????
Zaid Tahseen,Iraq,伊拉克,伊拉克,Defender,25,1,0,27,6.8,False,Pakhtakor,????
Akam Hashim,Iraq,伊拉克,伊拉克,Defender,27,1,0,13,6.7,False,Al-Zawraa,????
Manaf Younis,Iraq,伊拉克,伊拉克,Defender,29,1,0,33,6.8,False,Al-Shorta,????
Youssef Amyn,Iraq,伊拉克,伊拉克,Midfielder,22,2,1,26,6.9,False,AEK Larnaca,????
Ibrahim Bayesh,Iraq,伊拉克,伊拉克,Midfielder,26,8,3,75,7.4,True,Al Dhafra,????
Ali Al-Hamadi,Iraq,伊拉克,伊拉克,Forward,24,5,2,19,7.2,False,Luton Town,????
Mohanad Ali,Iraq,伊拉克,伊拉克,Forward,25,27,11,71,8.1,True,Dibba,????
Ahmed Qasem,Iraq,伊拉克,伊拉克,Forward,22,0,0,2,6.4,False,Nashville SC,????
Jalal Hassan,Iraq,伊拉克,伊拉克,Goalkeeper,35,0,0,101,7.4,False,Al-Zawraa,????
Ali Yousif,Iraq,伊拉克,伊拉克,Forward,30,1,0,6,6.9,False,Al-Talaba,????
Zidane Iqbal,Iraq,伊拉克,伊拉克,Midfielder,23,2,1,24,6.8,False,Utrecht,????
Ahmed Maknzi,Iraq,伊拉克,伊拉克,Defender,24,0,0,6,6.5,False,Al-Karma,????
Amir Al-Ammari,Iraq,伊拉克,伊拉克,Midfielder,28,3,1,50,7.0,False,Cracovia,????
Ali Jasim,Iraq,伊拉克,伊拉克,Forward,22,2,1,36,6.9,False,Al-Najma,????
Aymen Hussein,Iraq,伊拉克,伊拉克,Forward,30,33,14,94,8.2,True,Al-Karma,????
Kevin Yakob,Iraq,伊拉克,伊拉克,Midfielder,25,0,0,8,6.5,False,AGF,????
Aimar Sher,Iraq,伊拉克,伊拉克,Midfielder,23,0,0,6,6.5,False,Sarpsborg 08,????
Marko Farji,Iraq,伊拉克,伊拉克,Forward,22,0,0,11,6.5,False,Venezia,????
Ahmed Basil,Iraq,伊拉克,伊拉克,Goalkeeper,29,0,0,15,6.6,False,Al-Shorta,????
Merchas Doski,Iraq,伊拉克,伊拉克,Defender,26,1,0,31,6.8,False,Viktoria Plzeň,????
Zaid Ismail,Iraq,伊拉克,伊拉克,Midfielder,24,0,0,6,6.5,False,Al-Talaba,????
Mustafa Saadoon,Iraq,伊拉克,伊拉克,Defender,25,0,0,16,6.6,False,Al-Shorta,????
Frans Putros,Iraq,伊拉克,伊拉克,Defender,32,0,0,27,6.7,False,Persib,????
Ørjan Nyland,Norway,挪威,挪威,Goalkeeper,35,0,0,71,7.1,False,Sevilla,????
Morten Thorsby,Norway,挪威,挪威,Midfielder,30,0,0,31,6.7,False,Cremonese,????
Kristoffer Ajer,Norway,挪威,挪威,Defender,28,2,1,52,7.0,False,Brentford,????
Leo Østigård,Norway,挪威,挪威,Defender,26,1,0,38,6.8,False,Genoa,????
David Møller Wolfe,Norway,挪威,挪威,Defender,24,1,0,22,6.7,False,Wolverhampton Wanderers,????
Patrick Berg,Norway,挪威,挪威,Midfielder,28,0,0,43,6.8,False,Bodø/Glimt,????
Alexander Sørloth,Norway,挪威,挪威,Forward,30,26,11,72,8.0,True,Atlético Madrid,????
Sander Berge,Norway,挪威,挪威,Midfielder,28,1,0,66,7.1,False,Fulham,????
Erling Haaland,Norway,挪威,挪威,Forward,25,55,23,50,9.4,True,Manchester City,????
Martin Ødegaard,Norway,挪威,挪威,Midfielder,27,5,2,68,7.3,False,Arsenal,????
Jørgen Strand Larsen,Norway,挪威,挪威,Forward,26,6,3,28,7.2,False,Crystal Palace,????
Sander Tangvik,Norway,挪威,挪威,Goalkeeper,23,0,0,0,6.4,False,Hamburger SV,????
Egil Selvik,Norway,挪威,挪威,Goalkeeper,28,0,0,7,6.5,False,Watford,????
Fredrik Aursnes,Norway,挪威,挪威,Midfielder,30,1,0,22,6.7,False,Benfica,????
Fredrik André Bjørkan,Norway,挪威,挪威,Defender,27,1,0,21,6.7,False,Bodø/Glimt,????
Marcus Holmgren Pedersen,Norway,挪威,挪威,Defender,25,0,0,32,6.7,False,Torino,????
Torbjørn Heggem,Norway,挪威,挪威,Defender,27,0,0,15,6.6,False,Bologna,????
Kristian Thorstvedt,Norway,挪威,挪威,Midfielder,27,4,2,37,7.0,False,Sassuolo,????
Thelo Aasgaard,Norway,挪威,挪威,Midfielder,24,5,2,8,8.0,True,Rangers,????
Antonio Nusa,Norway,挪威,挪威,Forward,21,8,3,24,7.5,False,RB Leipzig,????
Andreas Schjelderup,Norway,挪威,挪威,Midfielder,22,1,0,12,6.7,False,Benfica,????
Oscar Bobb,Norway,挪威,挪威,Midfielder,22,2,1,20,6.8,False,Fulham,????
Jens Petter Hauge,Norway,挪威,挪威,Midfielder,26,1,0,15,6.7,False,Bodø/Glimt,????
Sondre Langås,Norway,挪威,挪威,Defender,25,0,0,3,6.4,False,Derby County,????
Henrik Falchener,Norway,挪威,挪威,Defender,23,0,0,1,6.4,False,Viking,????
Julian Ryerson,Norway,挪威,挪威,Forward,28,1,0,43,6.9,False,Borussia Dortmund,????
Yehvann Diouf,Senegal,塞內加爾,塞內加爾,Goalkeeper,26,0,0,2,6.4,False,Nice,????
Mamadou Sarr,Senegal,塞內加爾,塞內加爾,Defender,20,0,0,7,6.5,False,Chelsea,????
Kalidou Koulibaly,Senegal,塞內加爾,塞內加爾,Defender,34,2,1,102,7.4,False,Al-Hilal,????
Abdoulaye Seck,Senegal,塞內加爾,塞內加爾,Defender,34,4,2,22,7.1,False,Maccabi Haifa,????
Idrissa Gueye,Senegal,塞內加爾,塞內加爾,Midfielder,36,7,3,130,7.5,True,Everton,????
Pathé Ciss,Senegal,塞內加爾,塞內加爾,Midfielder,32,0,0,29,6.7,False,Rayo Vallecano,????
Assane Diao,Senegal,塞內加爾,塞內加爾,Forward,20,0,0,5,6.4,False,Como,????
Lamine Camara,Senegal,塞內加爾,塞內加爾,Midfielder,22,7,3,32,7.3,False,Monaco,????
Bamba Dieng,Senegal,塞內加爾,塞內加爾,Forward,26,2,1,22,6.8,False,Lorient,????
Sadio Mané,Senegal,塞內加爾,塞內加爾,Forward,34,55,23,127,8.5,True,Al-Nassr,????
Nicolas Jackson,Senegal,塞內加爾,塞內加爾,Forward,24,8,3,32,7.3,False,Bayern Munich,????
Cherif Ndiaye,Senegal,塞內加爾,塞內加爾,Forward,30,4,2,18,7.1,False,Samsunspor,????
Iliman Ndiaye,Senegal,塞內加爾,塞內加爾,Forward,26,4,2,39,7.0,False,Everton,????
Ismail Jakobs,Senegal,塞內加爾,塞內加爾,Defender,26,0,0,29,6.7,False,Galatasaray,????
Krépin Diatta,Senegal,塞內加爾,塞內加爾,Defender,27,2,1,60,7.1,False,Monaco,????
Édouard Mendy,Senegal,塞內加爾,塞內加爾,Goalkeeper,34,0,0,56,7.0,False,Al-Ahli,????
Pape Matar Sarr,Senegal,塞內加爾,塞內加爾,Midfielder,23,4,2,39,7.0,False,Tottenham Hotspur,????
Ismaïla Sarr,Senegal,塞內加爾,塞內加爾,Forward,28,19,8,82,7.8,True,Crystal Palace,????
Moussa Niakhaté,Senegal,塞內加爾,塞內加爾,Defender,30,0,0,30,6.7,False,Lyon,????
Ibrahim Mbaye,Senegal,塞內加爾,塞內加爾,Forward,18,3,1,10,7.2,False,Paris Saint-Germain,????
Habib Diarra,Senegal,塞內加爾,塞內加爾,Midfielder,22,4,2,20,7.1,False,Sunderland,????
Bara Sapoko Ndiaye,Senegal,塞內加爾,塞內加爾,Midfielder,18,0,0,1,6.4,False,Bayern Munich,????
Mory Diaw,Senegal,塞內加爾,塞內加爾,Goalkeeper,32,0,0,5,6.4,False,Le Havre,????
Antoine Mendy,Senegal,塞內加爾,塞內加爾,Defender,22,0,0,6,6.5,False,Nice,????
El Hadji Malick Diouf,Senegal,塞內加爾,塞內加爾,Defender,21,1,0,19,6.7,False,West Ham United,????
Pape Gueye,Senegal,塞內加爾,塞內加爾,Midfielder,27,5,2,41,7.1,False,Villarreal,????
Melvin Mastil,Algeria,阿爾及利亞,阿爾及利亞,Goalkeeper,26,0,0,1,6.4,False,Stade Nyonnais,????
Aïssa Mandi,Algeria,阿爾及利亞,阿爾及利亞,Defender,34,7,3,117,7.6,False,Lille,????
Achref Abada,Algeria,阿爾及利亞,阿爾及利亞,Defender,26,1,0,7,6.8,False,USM Alger,????
Mohamed Amine Tougai,Algeria,阿爾及利亞,阿爾及利亞,Defender,26,2,1,29,6.9,False,Espérance de Tunis,????
Zineddine Belaïd,Algeria,阿爾及利亞,阿爾及利亞,Defender,27,1,0,10,6.8,False,JS Kabylie,????
Ramiz Zerrouki,Algeria,阿爾及利亞,阿爾及利亞,Midfielder,28,3,1,52,7.1,False,Twente,????
Riyad Mahrez,Algeria,阿爾及利亞,阿爾及利亞,Forward,35,38,16,114,8.2,True,Al-Ahli,????
Houssem Aouar,Algeria,阿爾及利亞,阿爾及利亞,Midfielder,27,6,3,20,7.4,False,Al-Ittihad,????
Amine Gouiri,Algeria,阿爾及利亞,阿爾及利亞,Forward,26,8,3,22,7.5,False,Marseille,????
Farès Chaïbi,Algeria,阿爾及利亞,阿爾及利亞,Midfielder,23,3,1,29,6.9,False,Eintracht Frankfurt,????
Anis Hadj Moussa,Algeria,阿爾及利亞,阿爾及利亞,Forward,24,1,0,14,6.7,False,Feyenoord,????
Nadhir Benbouali,Algeria,阿爾及利亞,阿爾及利亞,Forward,26,1,0,3,7.3,False,Győri ETO,????
Jaouen Hadjam,Algeria,阿爾及利亞,阿爾及利亞,Defender,23,3,1,17,7.0,False,Young Boys,????
Hicham Boudaoui,Algeria,阿爾及利亞,阿爾及利亞,Midfielder,26,0,0,32,6.7,False,Nice,????
Rayan Aït-Nouri,Algeria,阿爾及利亞,阿爾及利亞,Defender,25,0,0,28,6.7,False,Manchester City,????
Oussama Benbot,Algeria,阿爾及利亞,阿爾及利亞,Goalkeeper,31,0,0,2,6.4,False,USM Alger,????
Rafik Belghali,Algeria,阿爾及利亞,阿爾及利亞,Defender,24,1,0,12,6.7,False,Hellas Verona,????
Mohamed Amoura,Algeria,阿爾及利亞,阿爾及利亞,Forward,26,19,8,45,7.9,True,VfL Wolfsburg,????
Nabil Bentaleb,Algeria,阿爾及利亞,阿爾及利亞,Midfielder,31,6,3,59,7.2,False,Lille,????
Adil Boulbina,Algeria,阿爾及利亞,阿爾及利亞,Forward,23,6,3,11,7.9,False,Al-Duhail,????
Ramy Bensebaini,Algeria,阿爾及利亞,阿爾及利亞,Defender,31,7,3,81,7.4,False,Borussia Dortmund,????
Ibrahim Maza,Algeria,阿爾及利亞,阿爾及利亞,Midfielder,20,2,1,16,6.9,False,Bayer Leverkusen,????
Luca Zidane,Algeria,阿爾及利亞,阿爾及利亞,Goalkeeper,28,0,0,7,6.5,False,Granada,????
Yacine Titraoui,Algeria,阿爾及利亞,阿爾及利亞,Midfielder,22,0,0,5,6.4,False,Charleroi,????
Farès Ghedjemis,Algeria,阿爾及利亞,阿爾及利亞,Forward,23,1,0,1,8.9,True,Frosinone,????
Samir Chergui,Algeria,阿爾及利亞,阿爾及利亞,Defender,27,0,0,4,6.4,False,Paris FC,????
Juan Musso,Argentina,阿根廷,阿根廷,Goalkeeper,32,0,0,4,6.4,False,Atlético Madrid,????
Nicolás Tagliafico,Argentina,阿根廷,阿根廷,Defender,33,1,0,76,7.2,False,Lyon,????
Gonzalo Montiel,Argentina,阿根廷,阿根廷,Defender,29,2,1,38,6.9,False,River Plate,????
Leandro Paredes,Argentina,阿根廷,阿根廷,Midfielder,31,5,2,77,7.3,False,Boca Juniors,????
Lisandro Martínez,Argentina,阿根廷,阿根廷,Defender,28,1,0,27,6.8,False,Manchester United,????
Rodrigo De Paul,Argentina,阿根廷,阿根廷,Midfielder,32,2,1,86,7.3,False,Inter Miami CF,????
Valentín Barco,Argentina,阿根廷,阿根廷,Midfielder,21,1,0,3,7.3,False,Strasbourg,????
Julián Alvarez,Argentina,阿根廷,阿根廷,Forward,26,14,6,51,7.6,True,Atlético Madrid,????
Lionel Messi,Argentina,阿根廷,阿根廷,Forward,38,116,49,198,8.9,True,Inter Miami CF,????
Giovani Lo Celso,Argentina,阿根廷,阿根廷,Midfielder,30,4,2,66,7.2,False,Real Betis,????
Gerónimo Rulli,Argentina,阿根廷,阿根廷,Goalkeeper,34,0,0,7,6.5,False,Marseille,????
Cristian Romero,Argentina,阿根廷,阿根廷,Defender,28,3,1,50,7.0,False,Tottenham Hotspur,????
Exequiel Palacios,Argentina,阿根廷,阿根廷,Midfielder,27,0,0,39,6.8,False,Bayer Leverkusen,????
Nicolás González,Argentina,阿根廷,阿根廷,Midfielder,28,6,3,50,7.2,False,Atlético Madrid,????
Thiago Almada,Argentina,阿根廷,阿根廷,Forward,25,4,2,15,7.2,False,Atlético Madrid,????
Giuliano Simeone,Argentina,阿根廷,阿根廷,Forward,23,2,1,12,6.9,False,Atlético Madrid,????
Nico Paz,Argentina,阿根廷,阿根廷,Forward,21,1,0,8,6.8,False,Como,????
Nicolás Otamendi,Argentina,阿根廷,阿根廷,Defender,38,8,3,131,7.6,False,Benfica,????
Alexis Mac Allister,Argentina,阿根廷,阿根廷,Midfielder,27,6,3,45,7.2,False,Liverpool,????
José Manuel López,Argentina,阿根廷,阿根廷,Forward,25,0,0,4,6.4,False,Palmeiras,????
Lautaro Martínez,Argentina,阿根廷,阿根廷,Forward,28,37,16,76,8.4,True,Inter Milan,????
Emiliano Martínez,Argentina,阿根廷,阿根廷,Goalkeeper,33,0,0,59,7.0,False,Aston Villa,????
Enzo Fernández,Argentina,阿根廷,阿根廷,Midfielder,25,6,3,41,7.2,False,Chelsea,????
Facundo Medina,Argentina,阿根廷,阿根廷,Defender,27,0,0,8,6.5,False,Marseille,????
Nahuel Molina,Argentina,阿根廷,阿根廷,Defender,28,1,0,58,7.0,False,Atlético Madrid,????
Alexander Schlager,Austria,奧地利,奧地利,Goalkeeper,30,0,0,26,6.7,False,Red Bull Salzburg,????
David Affengruber,Austria,奧地利,奧地利,Defender,25,0,0,1,6.4,False,Elche,????
Kevin Danso,Austria,奧地利,奧地利,Defender,27,0,0,32,6.7,False,Tottenham Hotspur,????
Xaver Schlager,Austria,奧地利,奧地利,Midfielder,28,4,2,51,7.1,False,RB Leipzig,????
Stefan Posch,Austria,奧地利,奧地利,Defender,29,5,2,52,7.2,False,Mainz 05,????
Nicolas Seiwald,Austria,奧地利,奧地利,Midfielder,25,1,0,47,6.9,False,RB Leipzig,????
Marko Arnautović,Austria,奧地利,奧地利,Forward,37,47,20,133,8.3,True,Red Star Belgrade,????
David Alaba,Austria,奧地利,奧地利,Defender,33,15,6,113,7.7,False,Real Madrid,????
Marcel Sabitzer,Austria,奧地利,奧地利,Midfielder,32,26,11,98,8.0,True,Borussia Dortmund,????
Florian Grillitsch,Austria,奧地利,奧地利,Midfielder,30,1,0,58,7.0,False,Braga,????
Michael Gregoritsch,Austria,奧地利,奧地利,Forward,32,24,10,75,8.0,True,FC Augsburg,????
Florian Wiegele,Austria,奧地利,奧地利,Goalkeeper,25,0,0,1,6.4,False,Viktoria Plzeň,????
Patrick Pentz,Austria,奧地利,奧地利,Goalkeeper,29,0,0,18,6.6,False,Brøndby,????
Saša Kalajdžić,Austria,奧地利,奧地利,Forward,28,4,2,22,7.1,False,LASK,????
Philipp Lienhart,Austria,奧地利,奧地利,Defender,29,3,1,41,7.0,False,SC Freiburg,????
Phillipp Mwene,Austria,奧地利,奧地利,Defender,32,0,0,30,6.7,False,Mainz 05,????
Carney Chukwuemeka,Austria,奧地利,奧地利,Midfielder,22,1,0,3,7.3,False,Borussia Dortmund,????
Romano Schmid,Austria,奧地利,奧地利,Midfielder,26,3,1,34,7.0,False,Werder Bremen,????
Konrad Laimer,Austria,奧地利,奧地利,Midfielder,29,7,3,57,7.3,False,Bayern Munich,????
Patrick Wimmer,Austria,奧地利,奧地利,Forward,25,1,0,30,6.8,False,VfL Wolfsburg,????
Alexander Prass,Austria,奧地利,奧地利,Midfielder,25,0,0,19,6.6,False,TSG Hoffenheim,????
Marco Friedl,Austria,奧地利,奧地利,Defender,28,0,0,11,6.5,False,Werder Bremen,????
Paul Wanner,Austria,奧地利,奧地利,Midfielder,20,0,0,3,6.4,False,PSV Eindhoven,????
Michael Svoboda,Austria,奧地利,奧地利,Defender,27,0,0,4,6.4,False,Venezia,????
Alessandro Schöpf,Austria,奧地利,奧地利,Midfielder,32,6,3,35,7.2,False,Wolfsberger AC,????
Yazeed Abulaila,Jordan,約旦,約旦,Goalkeeper,33,0,0,76,7.2,False,Al-Hussein,????
Mohammad Abu Hashish,Jordan,約旦,約旦,Defender,31,1,0,56,7.0,False,Al-Karma,????
Abdallah Nasib,Jordan,約旦,約旦,Defender,32,3,1,65,7.2,False,Al-Zawraa,????
Husam Abu Dahab,Jordan,約旦,約旦,Defender,26,0,0,18,6.6,False,Al-Faisaly,????
Yazan Al-Arab,Jordan,約旦,約旦,Defender,30,3,1,80,7.3,False,FC Seoul,????
Amer Jamous,Jordan,約旦,約旦,Midfielder,23,1,0,19,6.7,False,Al-Zawraa,????
Mohammad Abu Zrayq,Jordan,約旦,約旦,Forward,28,5,2,41,7.1,False,Raja Casablanca,????
Noor Al-Rawabdeh,Jordan,約旦,約旦,Midfielder,29,3,1,68,7.2,False,Selangor,????
Ali Olwan,Jordan,約旦,約旦,Forward,26,29,12,66,8.2,True,Al-Sailiya,????
Musa Al-Taamari,Jordan,約旦,約旦,Forward,29,24,10,92,8.0,True,Rennes,????
Odeh Al-Fakhouri,Jordan,約旦,約旦,Forward,20,1,0,10,6.8,False,Pyramids,????
Nour Bani Attiah,Jordan,約旦,約旦,Goalkeeper,33,0,0,5,6.4,False,Al-Faisaly,????
Mahmoud Al-Mardi,Jordan,約旦,約旦,Forward,32,9,4,89,7.5,True,Al-Hussein,????
Rajaei Ayed,Jordan,約旦,約旦,Midfielder,32,0,0,72,7.1,False,Al-Hussein,????
Ibrahim Sadeh,Jordan,約旦,約旦,Midfielder,26,3,1,57,7.1,False,Al-Karma,????
Mo Abualnadi,Jordan,約旦,約旦,Defender,25,0,0,18,6.6,False,Selangor,????
Salim Obaid,Jordan,約旦,約旦,Defender,34,0,0,11,6.5,False,Al-Hussein,????
Saed Al-Rosan,Jordan,約旦,約旦,Defender,29,2,1,21,6.8,False,Al-Hussein,????
Mohannad Abu Taha,Jordan,約旦,約旦,Midfielder,23,1,0,29,6.8,False,Al-Quwa Al-Jawiya,????
Nizar Al-Rashdan,Jordan,約旦,約旦,Midfielder,27,4,2,47,7.1,False,Qatar SC,????
Abdallah Al-Fakhouri,Jordan,約旦,約旦,Goalkeeper,26,0,0,11,6.5,False,Al-Wehdat,????
Ihsan Haddad,Jordan,約旦,約旦,Defender,32,2,1,92,7.4,False,Al-Hussein,????
Ali Azaizeh,Jordan,約旦,約旦,Forward,22,0,0,4,6.4,False,Al-Shabab,????
Mohammad Al-Dawoud,Jordan,約旦,約旦,Midfielder,34,1,0,13,6.7,False,Al-Wehdat,????
Anas Badawi,Jordan,約旦,約旦,Defender,28,0,0,1,6.4,False,Al-Faisaly,????
David Ospina,Colombia,哥倫比亞,哥倫比亞,Goalkeeper,37,0,0,130,7.4,False,Atlético Nacional,????
Daniel Muñoz,Colombia,哥倫比亞,哥倫比亞,Defender,30,3,1,46,7.0,False,Crystal Palace,????
Jhon Lucumí,Colombia,哥倫比亞,哥倫比亞,Defender,27,1,0,37,6.8,False,Bologna,????
Santiago Arias,Colombia,哥倫比亞,哥倫比亞,Defender,34,0,0,68,7.1,False,Independiente,????
Kevin Castaño,Colombia,哥倫比亞,哥倫比亞,Midfielder,25,0,0,25,6.6,False,River Plate,????
Richard Ríos,Colombia,哥倫比亞,哥倫比亞,Midfielder,26,2,1,32,6.9,False,Benfica,????
Luis Díaz,Colombia,哥倫比亞,哥倫比亞,Forward,29,22,9,74,7.9,True,Bayern Munich,????
Jorge Carrascal,Colombia,哥倫比亞,哥倫比亞,Midfielder,28,2,1,24,6.8,False,Flamengo,????
Jhon Córdoba,Colombia,哥倫比亞,哥倫比亞,Forward,33,6,3,21,7.3,False,Krasnodar,????
James Rodríguez,Colombia,哥倫比亞,哥倫比亞,Midfielder,34,31,13,126,8.0,True,Minnesota United FC,????
Jhon Arias,Colombia,哥倫比亞,哥倫比亞,Midfielder,28,6,3,38,7.2,False,Palmeiras,????
Camilo Vargas,Colombia,哥倫比亞,哥倫比亞,Goalkeeper,37,0,0,42,6.8,False,Atlas,????
Yerry Mina,Colombia,哥倫比亞,哥倫比亞,Defender,31,8,3,54,7.3,False,Cagliari,????
Gustavo Puerta,Colombia,哥倫比亞,哥倫比亞,Defender,22,1,0,6,6.9,False,Racing Santander,????
Juan Portilla,Colombia,哥倫比亞,哥倫比亞,Midfielder,27,0,0,10,6.5,False,Athletico Paranaense,????
Jefferson Lerma,Colombia,哥倫比亞,哥倫比亞,Midfielder,31,5,2,65,7.2,False,Crystal Palace,????
Johan Mojica,Colombia,哥倫比亞,哥倫比亞,Defender,33,1,0,45,6.9,False,Mallorca,????
Willer Ditta,Colombia,哥倫比亞,哥倫比亞,Defender,28,0,0,5,6.4,False,Cruz Azul,????
Cucho Hernández,Colombia,哥倫比亞,哥倫比亞,Forward,27,2,1,9,7.0,False,Real Betis,????
Juan Fernando Quintero,Colombia,哥倫比亞,哥倫比亞,Midfielder,33,6,3,49,7.2,False,River Plate,????
Jaminton Campaz,Colombia,哥倫比亞,哥倫比亞,Forward,26,1,0,10,6.8,False,Rosario Central,????
Deiver Machado,Colombia,哥倫比亞,哥倫比亞,Defender,32,0,0,15,6.6,False,Nantes,????
Davinson Sánchez,Colombia,哥倫比亞,哥倫比亞,Defender,29,4,2,79,7.3,False,Galatasaray,????
Álvaro Montero,Colombia,哥倫比亞,哥倫比亞,Goalkeeper,31,0,0,12,6.5,False,Vélez Sarsfield,????
Luis Suárez,Colombia,哥倫比亞,哥倫比亞,Forward,28,5,2,12,7.6,True,Sporting CP,????
Andrés Gómez,Colombia,哥倫比亞,哥倫比亞,Forward,23,2,1,8,7.1,False,Vasco da Gama,????
Lionel Mpasi,DR Congo,剛果民主共和國,剛果民主共和國,Goalkeeper,31,0,0,28,6.7,False,Le Havre,????
Aaron Wan-Bissaka,DR Congo,剛果民主共和國,剛果民主共和國,Defender,28,0,0,11,6.5,False,West Ham United,????
Steve Kapuadi,DR Congo,剛果民主共和國,剛果民主共和國,Defender,28,0,0,4,6.4,False,Widzew Łódź,????
Axel Tuanzebe,DR Congo,剛果民主共和國,剛果民主共和國,Defender,28,1,0,13,6.7,False,Burnley,????
Dylan Batubinsika,DR Congo,剛果民主共和國,剛果民主共和國,Defender,30,1,0,14,6.7,False,AEL,????
Ngal'ayel Mukau,DR Congo,剛果民主共和國,剛果民主共和國,Midfielder,21,0,0,13,6.5,False,Lille,????
Nathanaël Mbuku,DR Congo,剛果民主共和國,剛果民主共和國,Midfielder,24,2,1,18,6.9,False,Montpellier,????
Samuel Moutoussamy,DR Congo,剛果民主共和國,剛果民主共和國,Midfielder,29,0,0,57,7.0,False,Atromitos,????
Brian Cipenga,DR Congo,剛果民主共和國,剛果民主共和國,Forward,28,0,0,7,6.5,False,Castellón,????
Théo Bongonda,DR Congo,剛果民主共和國,剛果民主共和國,Midfielder,30,7,3,37,7.2,False,Spartak Moscow,????
Gaël Kakuta,DR Congo,剛果民主共和國,剛果民主共和國,Forward,34,5,2,30,7.1,False,AEL,????
Joris Kayembe,DR Congo,剛果民主共和國,剛果民主共和國,Defender,31,0,0,25,6.6,False,Genk,????
Meschak Elia,DR Congo,剛果民主共和國,剛果民主共和國,Forward,28,12,5,68,7.5,True,Alanyaspor,????
Noah Sadiki,DR Congo,剛果民主共和國,剛果民主共和國,Midfielder,21,0,0,19,6.6,False,Sunderland,????
Aaron Tshibola,DR Congo,剛果民主共和國,剛果民主共和國,Midfielder,31,1,0,16,6.7,False,Kilmarnock,????
Timothy Fayulu,DR Congo,剛果民主共和國,剛果民主共和國,Goalkeeper,26,0,0,3,6.4,False,Noah,????
Cédric Bakambu,DR Congo,剛果民主共和國,剛果民主共和國,Forward,35,21,9,69,7.8,True,Real Betis,????
Charles Pickel,DR Congo,剛果民主共和國,剛果民主共和國,Midfielder,29,1,0,34,6.8,False,Espanyol,????
Fiston Mayele,DR Congo,剛果民主共和國,剛果民主共和國,Forward,31,6,3,37,7.2,False,Pyramids,????
Yoane Wissa,DR Congo,剛果民主共和國,剛果民主共和國,Forward,29,9,4,37,7.4,False,Newcastle United,????
Matthieu Epolo,DR Congo,剛果民主共和國,剛果民主共和國,Goalkeeper,21,0,0,1,6.4,False,Standard Liège,????
Chancel Mbemba,DR Congo,剛果民主共和國,剛果民主共和國,Defender,31,7,3,108,7.6,True,Lille,????
Simon Banza,DR Congo,剛果民主共和國,剛果民主共和國,Forward,29,2,1,15,6.9,False,Al Jazira,????
Gédéon Kalulu,DR Congo,剛果民主共和國,剛果民主共和國,Defender,28,0,0,28,6.7,False,Aris Limassol,????
Edo Kayembe,DR Congo,剛果民主共和國,剛果民主共和國,Midfielder,28,2,1,42,6.9,False,Watford,????
Arthur Masuaku,DR Congo,剛果民主共和國,剛果民主共和國,Defender,32,4,2,45,7.1,False,Lens,????
Diogo Costa,Portugal,葡萄牙,葡萄牙,Goalkeeper,26,0,0,42,6.8,False,Porto,????
Nélson Semedo,Portugal,葡萄牙,葡萄牙,Defender,32,0,0,49,6.9,False,Fenerbahçe,????
Rúben Dias,Portugal,葡萄牙,葡萄牙,Defender,29,3,1,75,7.2,False,Manchester City,????
Tomás Araújo,Portugal,葡萄牙,葡萄牙,Defender,24,0,0,4,6.4,False,Benfica,????
Diogo Dalot,Portugal,葡萄牙,葡萄牙,Defender,27,3,1,34,7.0,False,Manchester United,????
Matheus Nunes,Portugal,葡萄牙,葡萄牙,Midfielder,27,2,1,19,6.9,False,Manchester City,????
Cristiano Ronaldo,Portugal,葡萄牙,葡萄牙,Forward,41,143,60,227,9.0,True,Al-Nassr,????
Bruno Fernandes,Portugal,葡萄牙,葡萄牙,Midfielder,31,29,12,88,8.1,True,Manchester United,????
Gonçalo Ramos,Portugal,葡萄牙,葡萄牙,Forward,24,10,4,24,7.7,True,Paris Saint-Germain,????
Bernardo Silva,Portugal,葡萄牙,葡萄牙,Midfielder,31,14,6,108,7.7,False,Manchester City,????
João Félix,Portugal,葡萄牙,葡萄牙,Forward,26,12,5,53,7.5,False,Al-Nassr,????
José Sá,Portugal,葡萄牙,葡萄牙,Goalkeeper,33,0,0,5,6.4,False,Wolverhampton Wanderers,????
Renato Veiga,Portugal,葡萄牙,葡萄牙,Defender,22,1,0,12,6.7,False,Villarreal,????
Gonçalo Inácio,Portugal,葡萄牙,葡萄牙,Defender,24,2,1,21,6.8,False,Sporting CP,????
João Neves,Portugal,葡萄牙,葡萄牙,Midfielder,21,3,1,21,7.0,False,Paris Saint-Germain,????
Francisco Trincão,Portugal,葡萄牙,葡萄牙,Forward,26,3,1,17,7.0,False,Sporting CP,????
Rafael Leão,Portugal,葡萄牙,葡萄牙,Forward,27,5,2,44,7.1,False,Milan,????
Pedro Neto,Portugal,葡萄牙,葡萄牙,Forward,26,2,1,24,6.8,False,Chelsea,????
Gonçalo Guedes,Portugal,葡萄牙,葡萄牙,Forward,29,8,3,34,7.3,False,Real Sociedad,????
João Cancelo,Portugal,葡萄牙,葡萄牙,Defender,32,12,5,67,7.5,False,Barcelona,????
Rúben Neves,Portugal,葡萄牙,葡萄牙,Midfielder,29,1,0,66,7.1,False,Al-Hilal,????
Rui Silva,Portugal,葡萄牙,葡萄牙,Goalkeeper,32,0,0,3,6.4,False,Sporting CP,????
Vitinha,Portugal,葡萄牙,葡萄牙,Midfielder,26,0,0,37,6.8,False,Paris Saint-Germain,????
Samú Costa,Portugal,葡萄牙,葡萄牙,Defender,25,0,0,5,6.4,False,Mallorca,????
Nuno Mendes,Portugal,葡萄牙,葡萄牙,Defender,23,1,0,43,6.9,False,Paris Saint-Germain,????
Francisco Conceição,Portugal,葡萄牙,葡萄牙,Forward,23,3,1,16,7.0,False,Juventus,????
Utkir Yusupov,Uzbekistan,烏茲別克,烏茲別克,Goalkeeper,35,0,0,39,6.8,False,Navbahor,????
Abdukodir Khusanov,Uzbekistan,烏茲別克,烏茲別克,Defender,22,0,0,26,6.7,False,Manchester City,????
Khojiakbar Alijonov,Uzbekistan,烏茲別克,烏茲別克,Defender,29,2,1,40,6.9,False,Pakhtakor,????
Farrukh Sayfiev,Uzbekistan,烏茲別克,烏茲別克,Defender,35,1,0,45,6.9,False,Neftchi Fergana,????
Rustam Ashurmatov,Uzbekistan,烏茲別克,烏茲別克,Defender,29,1,0,48,6.9,False,Esteghlal,????
Akmal Mozgovoy,Uzbekistan,烏茲別克,烏茲別克,Midfielder,27,1,0,24,6.7,False,Pakhtakor,????
Otabek Shukurov,Uzbekistan,烏茲別克,烏茲別克,Midfielder,29,9,4,83,7.5,True,Baniyas,????
Jamshid Iskanderov,Uzbekistan,烏茲別克,烏茲別克,Midfielder,32,4,2,37,7.0,False,Neftchi Fergana,????
Odiljon Hamrobekov,Uzbekistan,烏茲別克,烏茲別克,Midfielder,30,1,0,72,7.2,False,Tractor,????
Jaloliddin Masharipov,Uzbekistan,烏茲別克,烏茲別克,Midfielder,32,12,5,74,7.5,False,Esteghlal,????
Oston Urunov,Uzbekistan,烏茲別克,烏茲別克,Midfielder,25,10,4,41,7.4,False,Persepolis,????
Abduvohid Nematov,Uzbekistan,烏茲別克,烏茲別克,Goalkeeper,25,0,0,8,6.5,False,Nasaf,????
Sherzod Nasrullaev,Uzbekistan,烏茲別克,烏茲別克,Defender,27,2,1,30,6.9,False,Nasaf,????
Eldor Shomurodov,Uzbekistan,烏茲別克,烏茲別克,Forward,30,44,18,91,8.5,True,İstanbul Başakşehir,????
Umar Eshmurodov,Uzbekistan,烏茲別克,烏茲別克,Defender,33,0,0,29,6.7,False,Nasaf,????
Botirali Ergashev,Uzbekistan,烏茲別克,烏茲別克,Goalkeeper,30,0,0,2,6.4,False,Neftchi Fergana,????
Dostonbek Khamdamov,Uzbekistan,烏茲別克,烏茲別克,Midfielder,29,5,2,33,7.1,False,Pakhtakor,????
Abdulla Abdullaev,Uzbekistan,烏茲別克,烏茲別克,Defender,28,0,0,17,6.6,False,Dibba,????
Azizjon Ganiev,Uzbekistan,烏茲別克,烏茲別克,Midfielder,28,0,0,19,6.6,False,Al Bataeh,????
Azizbek Amonov,Uzbekistan,烏茲別克,烏茲別克,Forward,28,2,1,12,6.9,False,Dinamo Samarqand,????
Igor Sergeev,Uzbekistan,烏茲別克,烏茲別克,Forward,33,24,10,82,8.0,True,Persepolis,????
Abbosbek Fayzullaev,Uzbekistan,烏茲別克,烏茲別克,Midfielder,22,8,3,31,7.4,False,İstanbul Başakşehir,????
Sherzod Esanov,Uzbekistan,烏茲別克,烏茲別克,Midfielder,23,0,0,1,6.4,False,Bukhara,????
Bekhruz Karimov,Uzbekistan,烏茲別克,烏茲別克,Defender,18,0,0,2,6.4,False,Surkhon Termiz,????
Avazbek Ulmasaliev,Uzbekistan,烏茲別克,烏茲別克,Defender,26,0,0,0,6.4,False,AGMK,????
Jakhongir Urozov,Uzbekistan,烏茲別克,烏茲別克,Defender,22,0,0,3,6.4,False,Dinamo Samarqand,????
Dominik Livaković,Croatia,克羅埃西亞,克羅埃西亞,Goalkeeper,31,0,0,75,7.2,False,Dinamo Zagreb,????
Josip Stanišić,Croatia,克羅埃西亞,克羅埃西亞,Defender,26,0,0,31,6.7,False,Bayern Munich,????
Marin Pongračić,Croatia,克羅埃西亞,克羅埃西亞,Defender,28,0,0,20,6.6,False,Fiorentina,????
Joško Gvardiol,Croatia,克羅埃西亞,克羅埃西亞,Defender,24,4,2,48,7.1,False,Manchester City,????
Duje Ćaleta-Car,Croatia,克羅埃西亞,克羅埃西亞,Defender,29,1,0,38,6.8,False,Real Sociedad,????
Josip Šutalo,Croatia,克羅埃西亞,克羅埃西亞,Defender,26,0,0,33,6.7,False,Ajax,????
Nikola Moro,Croatia,克羅埃西亞,克羅埃西亞,Midfielder,28,0,0,10,6.5,False,Bologna,????
Mateo Kovačić,Croatia,克羅埃西亞,克羅埃西亞,Midfielder,32,5,2,113,7.5,False,Manchester City,????
Andrej Kramarić,Croatia,克羅埃西亞,克羅埃西亞,Forward,34,36,15,116,8.2,True,TSG Hoffenheim,????
Luka Modrić,Croatia,克羅埃西亞,克羅埃西亞,Midfielder,40,29,12,198,7.8,True,Milan,????
Ante Budimir,Croatia,克羅埃西亞,克羅埃西亞,Forward,34,6,3,38,7.2,False,Osasuna,????
Ivor Pandur,Croatia,克羅埃西亞,克羅埃西亞,Goalkeeper,26,0,0,0,6.4,False,Hull City,????
Nikola Vlašić,Croatia,克羅埃西亞,克羅埃西亞,Midfielder,28,10,4,63,7.4,False,Torino,????
Ivan Perišić,Croatia,克羅埃西亞,克羅埃西亞,Forward,37,38,16,154,8.0,True,PSV Eindhoven,????
Mario Pašalić,Croatia,克羅埃西亞,克羅埃西亞,Midfielder,31,12,5,85,7.6,False,Atalanta,????
Martin Baturina,Croatia,克羅埃西亞,克羅埃西亞,Midfielder,23,1,0,19,6.7,False,Como,????
Petar Sučić,Croatia,克羅埃西亞,克羅埃西亞,Midfielder,22,1,0,17,6.7,False,Inter Milan,????
Kristijan Jakić,Croatia,克羅埃西亞,克羅埃西亞,Defender,29,2,1,17,6.9,False,FC Augsburg,????
Toni Fruk,Croatia,克羅埃西亞,克羅埃西亞,Midfielder,25,1,0,7,6.8,False,Rijeka,????
Igor Matanović,Croatia,克羅埃西亞,克羅埃西亞,Forward,23,2,1,9,7.0,False,SC Freiburg,????
Luka Sučić,Croatia,克羅埃西亞,克羅埃西亞,Midfielder,23,1,0,21,6.7,False,Real Sociedad,????
Luka Vušković,Croatia,克羅埃西亞,克羅埃西亞,Defender,19,1,0,5,7.0,False,Hamburger SV,????
Dominik Kotarski,Croatia,克羅埃西亞,克羅埃西亞,Goalkeeper,26,0,0,4,6.4,False,Copenhagen,????
Marco Pašalić,Croatia,克羅埃西亞,克羅埃西亞,Forward,25,1,0,15,6.7,False,Orlando City SC,????
Martin Erlić,Croatia,克羅埃西亞,克羅埃西亞,Defender,28,1,0,13,6.7,False,Midtjylland,????
Petar Musa,Croatia,克羅埃西亞,克羅埃西亞,Forward,28,1,0,11,6.7,False,FC Dallas,????
Jordan Pickford,England,英格蘭,英格蘭,Goalkeeper,32,0,0,83,7.2,False,Everton,????
Ezri Konsa,England,英格蘭,英格蘭,Defender,28,1,0,19,6.7,False,Aston Villa,????
Nico O'Reilly,England,英格蘭,英格蘭,Defender,21,0,0,4,6.4,False,Manchester City,????
Declan Rice,England,英格蘭,英格蘭,Midfielder,27,6,3,72,7.3,False,Arsenal,????
John Stones,England,英格蘭,英格蘭,Defender,32,3,1,88,7.4,False,Manchester City,????
Marc Guéhi,England,英格蘭,英格蘭,Defender,25,1,0,28,6.8,False,Manchester City,????
Bukayo Saka,England,英格蘭,英格蘭,Forward,24,14,6,48,7.6,True,Arsenal,????
Elliot Anderson,England,英格蘭,英格蘭,Midfielder,23,0,0,8,6.5,False,Nottingham Forest,????
Harry Kane,England,英格蘭,英格蘭,Forward,32,79,33,113,9.1,True,Bayern Munich,????
Jude Bellingham,England,英格蘭,英格蘭,Midfielder,22,6,3,47,7.2,False,Real Madrid,????
Marcus Rashford,England,英格蘭,英格蘭,Forward,28,18,8,71,7.7,True,Barcelona,????
Tino Livramento,England,英格蘭,英格蘭,Defender,23,0,0,6,6.5,False,Newcastle United,????
Dean Henderson,England,英格蘭,英格蘭,Goalkeeper,29,0,0,4,6.4,False,Crystal Palace,????
Jordan Henderson,England,英格蘭,英格蘭,Midfielder,35,3,1,90,7.4,False,Brentford,????
Dan Burn,England,英格蘭,英格蘭,Defender,34,0,0,7,6.5,False,Newcastle United,????
Kobbie Mainoo,England,英格蘭,英格蘭,Midfielder,21,0,0,13,6.5,False,Manchester United,????
Morgan Rogers,England,英格蘭,英格蘭,Midfielder,23,1,0,14,6.7,False,Aston Villa,????
Anthony Gordon,England,英格蘭,英格蘭,Forward,25,2,1,18,6.9,False,Newcastle United,????
Ollie Watkins,England,英格蘭,英格蘭,Forward,30,6,3,21,7.3,False,Aston Villa,????
Noni Madueke,England,英格蘭,英格蘭,Forward,24,1,0,10,6.8,False,Arsenal,????
Eberechi Eze,England,英格蘭,英格蘭,Midfielder,27,3,1,16,7.0,False,Arsenal,????
Ivan Toney,England,英格蘭,英格蘭,Forward,30,1,0,8,6.8,False,Al-Ahli,????
James Trafford,England,英格蘭,英格蘭,Goalkeeper,23,0,0,2,6.4,False,Manchester City,????
Reece James,England,英格蘭,英格蘭,Defender,26,1,0,23,6.7,False,Chelsea,????
Djed Spence,England,英格蘭,英格蘭,Defender,25,0,0,5,6.4,False,Tottenham Hotspur,????
Jarell Quansah,England,英格蘭,英格蘭,Defender,23,0,0,2,6.4,False,Bayer Leverkusen,????
Lawrence Ati-Zigi,Ghana,迦納,迦納,Goalkeeper,29,0,0,29,6.7,False,St. Gallen,????
Alidu Seidu,Ghana,迦納,迦納,Defender,26,1,0,24,6.7,False,Rennes,????
Caleb Yirenkyi,Ghana,迦納,迦納,Midfielder,20,1,0,11,6.7,False,Nordsjælland,????
Jonas Adjetey,Ghana,迦納,迦納,Defender,22,0,0,10,6.5,False,VfL Wolfsburg,????
Thomas Partey,Ghana,迦納,迦納,Midfielder,32,15,6,57,7.6,True,Villarreal,????
Abdul Mumin,Ghana,迦納,迦納,Defender,28,0,0,5,6.4,False,Rayo Vallecano,????
Abdul Fatawu,Ghana,迦納,迦納,Forward,22,3,1,28,6.9,False,Leicester City,????
Kwasi Sibo,Ghana,迦納,迦納,Midfielder,27,0,0,8,6.5,False,Oviedo,????
Jordan Ayew,Ghana,迦納,迦納,Forward,34,34,14,120,8.1,True,Leicester City,????
Brandon Thomas-Asante,Ghana,迦納,迦納,Forward,27,1,0,8,6.8,False,Coventry City,????
Antoine Semenyo,Ghana,迦納,迦納,Midfielder,26,3,1,34,7.0,False,Manchester City,????
Joseph Anang,Ghana,迦納,迦納,Goalkeeper,26,0,0,1,6.4,False,St Patrick's Athletic,????
Christopher Bonsu Baah,Ghana,迦納,迦納,Forward,21,0,0,9,6.5,False,Al-Qadsiah,????
Gideon Mensah,Ghana,迦納,迦納,Defender,27,0,0,40,6.8,False,Auxerre,????
Elisha Owusu,Ghana,迦納,迦納,Midfielder,28,0,0,20,6.6,False,Auxerre,????
Benjamin Asare,Ghana,迦納,迦納,Goalkeeper,33,0,0,11,6.5,False,Hearts of Oak,????
Abdul Rahman Baba,Ghana,迦納,迦納,Defender,31,1,0,51,7.0,False,PAOK,????
Jerome Opoku,Ghana,迦納,迦納,Defender,27,1,0,11,6.7,False,İstanbul Başakşehir,????
Iñaki Williams,Ghana,迦納,迦納,Forward,31,2,1,26,6.9,False,Athletic Bilbao,????
Augustine Boakye,Ghana,迦納,迦納,Midfielder,25,0,0,0,6.4,False,Saint-Étienne,????
Kojo Peprah Oppong,Ghana,迦納,迦納,Defender,22,0,0,4,6.4,False,Nice,????
Kamaldeen Sulemana,Ghana,迦納,迦納,Forward,24,1,0,28,6.8,False,Atalanta,????
Derrick Luckassen,Ghana,迦納,迦納,Defender,30,0,0,1,6.4,False,Pafos,????
Ernest Nuamah,Ghana,迦納,迦納,Forward,22,4,2,18,7.1,True,Lyon,????
Prince Kwabena Adu,Ghana,迦納,迦納,Forward,22,0,0,5,6.4,False,Viktoria Plzeň,????
Marvin Senaya,Ghana,迦納,迦納,Defender,25,0,0,2,6.4,False,Auxerre,????
Luis Mejía,Panama,巴拿馬,巴拿馬,Goalkeeper,35,0,0,56,7.0,False,Nacional,????
César Blackman,Panama,巴拿馬,巴拿馬,Defender,28,3,1,40,7.0,False,Slovan Bratislava,????
José Córdoba,Panama,巴拿馬,巴拿馬,Defender,25,1,0,32,6.8,False,Norwich City,????
Fidel Escobar,Panama,巴拿馬,巴拿馬,Defender,31,4,2,99,7.5,False,Saprissa,????
Edgardo Fariña,Panama,巴拿馬,巴拿馬,Defender,24,0,0,18,6.6,False,Pari Nizhny Novgorod,????
Cristian Martínez,Panama,巴拿馬,巴拿馬,Midfielder,29,2,1,66,7.1,False,Ironi Kiryat Shmona,????
José Luis Rodríguez,Panama,巴拿馬,巴拿馬,Midfielder,27,8,3,70,7.4,False,Juárez,????
Adalberto Carrasquilla,Panama,巴拿馬,巴拿馬,Midfielder,27,3,1,73,7.2,False,UNAM,????
Tomás Rodríguez,Panama,巴拿馬,巴拿馬,Forward,27,4,2,13,7.3,False,Saprissa,????
Ismael Díaz,Panama,巴拿馬,巴拿馬,Midfielder,29,17,7,57,7.7,True,León,????
Yoel Bárcenas,Panama,巴拿馬,巴拿馬,Midfielder,32,10,4,104,7.6,True,Mazatlán,????
César Samudio,Panama,巴拿馬,巴拿馬,Goalkeeper,32,0,0,5,6.4,False,Marathón,????
Jiovany Ramos,Panama,巴拿馬,巴拿馬,Defender,29,2,1,23,6.8,False,Puerto Cabello,????
Carlos Harvey,Panama,巴拿馬,巴拿馬,Defender,26,3,1,28,6.9,False,Minnesota United FC,????
Eric Davis,Panama,巴拿馬,巴拿馬,Defender,35,9,4,107,7.6,False,Plaza Amador,????
Andrés Andrade,Panama,巴拿馬,巴拿馬,Defender,27,1,0,50,7.0,False,LASK,????
José Fajardo,Panama,巴拿馬,巴拿馬,Forward,32,17,7,68,7.7,True,Universidad Católica,????
Cecilio Waterman,Panama,巴拿馬,巴拿馬,Forward,35,15,6,55,7.6,False,Universidad de Concepción,????
Alberto Quintero,Panama,巴拿馬,巴拿馬,Midfielder,38,7,3,141,7.5,False,Plaza Amador,????
Aníbal Godoy,Panama,巴拿馬,巴拿馬,Midfielder,36,4,2,159,7.5,False,San Diego FC,????
César Yanis,Panama,巴拿馬,巴拿馬,Midfielder,30,5,2,56,7.2,False,Cobresal,????
Orlando Mosquera,Panama,巴拿馬,巴拿馬,Goalkeeper,31,0,0,48,6.9,False,Al-Fayha,????
Michael Amir Murillo,Panama,巴拿馬,巴拿馬,Defender,30,9,4,94,7.6,False,Beşiktaş,????
Azarias Londoño,Panama,巴拿馬,巴拿馬,Forward,24,0,0,11,6.5,False,Universidad Católica,????
Roderick Miller,Panama,巴拿馬,巴拿馬,Defender,34,2,1,50,7.0,False,Turan Tovuz,????
Jorge Gutiérrez,Panama,巴拿馬,巴拿馬,Defender,27,0,0,18,6.6,False,Deportivo La Guaira,????
