match_id,date,taiwan_time,stage,group,home_team,away_team,stadium,city,status
1,2026-06-11,2026-06-12 03:00,Group A,Group A,Mexico,South Africa,Estadio Azteca,Mexico City,Upcoming
2,2026-06-11,2026-06-12 10:00,Group A,Group A,South Korea,Czechia,Estadio Akron,Guadalajara,Upcoming
3,2026-06-12,2026-06-13 03:00,Group B,Group B,Canada,Bosnia and Herzegovina,BMO Field,Toronto,Upcoming
4,2026-06-12,2026-06-13 09:00,Group D,Group D,United States,Paraguay,SoFi Stadium,Los Angeles,Upcoming
5,2026-06-13,2026-06-14 03:00,Group B,Group B,Qatar,Switzerland,Levi's Stadium,San Francisco Bay Area,Upcoming
6,2026-06-13,2026-06-14 06:00,Group C,Group C,Brazil,Morocco,Gillette Stadium,Boston,Upcoming
7,2026-06-13,2026-06-14 09:00,Group C,Group C,Haiti,Scotland,MetLife Stadium,New York/New Jersey,Upcoming
8,2026-06-13,2026-06-14 12:00,Group D,Group D,Australia,Turkiye,BC Place,Vancouver,Upcoming
9,2026-06-14,2026-06-15 07:00,Group E,Group E,Ivory Coast,Ecuador,Lincoln Financial Field,Philadelphia,Upcoming
10,2026-06-14,2026-06-15 01:00,Group E,Group E,Germany,Curacao,NRG Stadium,Houston,Upcoming
11,2026-06-14,2026-06-15 04:00,Group F,Group F,Netherlands,Japan,AT&T Stadium,Dallas,Upcoming
12,2026-06-14,2026-06-15 10:00,Group F,Group F,Sweden,Tunisia,Estadio BBVA,TBD,Upcoming
13,2026-06-15,2026-06-16 09:00,Group G,Group G,Iran,New Zealand,SoFi Stadium,Los Angeles,Upcoming
14,2026-06-15,2026-06-16 03:00,Group G,Group G,Belgium,Egypt,Lumen Field,Seattle,Upcoming
15,2026-06-15,2026-06-16 06:00,Group H,Group H,Saudi Arabia,Uruguay,Hard Rock Stadium,Miami,Upcoming
16,2026-06-15,2026-06-16 00:00,Group H,Group H,Spain,Cape Verde,Mercedes-Benz Stadium,Atlanta,Upcoming
17,2026-06-16,2026-06-17 03:00,Group I,Group I,France,Senegal,MetLife Stadium,New York/New Jersey,Upcoming
18,2026-06-16,2026-06-17 06:00,Group I,Group I,Iraq,Norway,Gillette Stadium,Boston,Upcoming
19,2026-06-16,2026-06-17 09:00,Group J,Group J,Argentina,Algeria,Arrowhead Stadium,Kansas City,Upcoming
20,2026-06-16,2026-06-17 12:00,Group J,Group J,Austria,Jordan,Levi's Stadium,San Francisco Bay Area,Upcoming
21,2026-06-17,2026-06-18 01:00,Group K,Group K,Portugal,DR Congo,NRG Stadium,Houston,Upcoming
22,2026-06-17,2026-06-18 10:00,Group K,Group K,Uzbekistan,Colombia,Estadio Azteca,Mexico City,Upcoming
23,2026-06-17,2026-06-18 07:00,Group L,Group L,Ghana,Panama,BMO Field,Toronto,Upcoming
24,2026-06-17,2026-06-18 04:00,Group L,Group L,England,Croatia,AT&T Stadium,Dallas,Upcoming
25,2026-06-18,2026-06-19 00:00,Group A,Group A,Czechia,South Africa,Mercedes-Benz Stadium,Atlanta,Upcoming
26,2026-06-18,2026-06-19 09:00,Group A,Group A,Mexico,South Korea,Estadio Akron,Guadalajara,Upcoming
27,2026-06-18,2026-06-19 03:00,Group B,Group B,Switzerland,Bosnia and Herzegovina,SoFi Stadium,Los Angeles,Upcoming
28,2026-06-18,2026-06-19 06:00,Group B,Group B,Canada,Qatar,BC Place,Vancouver,Upcoming
29,2026-06-19,2026-06-20 06:00,Group C,Group C,Scotland,Morocco,Lincoln Financial Field,Philadelphia,Upcoming
30,2026-06-19,2026-06-20 08:30,Group C,Group C,Brazil,Haiti,Gillette Stadium,Boston,Upcoming
31,2026-06-19,2026-06-20 11:00,Group D,Group D,Turkiye,Paraguay,Levi's Stadium,San Francisco Bay Area,Upcoming
32,2026-06-19,2026-06-20 03:00,Group D,Group D,United States,Australia,Lumen Field,Seattle,Upcoming
33,2026-06-20,2026-06-21 04:00,Group E,Group E,Germany,Ivory Coast,BMO Field,Toronto,Upcoming
34,2026-06-20,2026-06-21 08:00,Group E,Group E,Ecuador,Curacao,Arrowhead Stadium,Kansas City,Upcoming
35,2026-06-20,2026-06-21 01:00,Group F,Group F,Netherlands,Sweden,NRG Stadium,Houston,Upcoming
36,2026-06-20,2026-06-21 12:00,Group F,Group F,Tunisia,Japan,Estadio BBVA,TBD,Upcoming
37,2026-06-21,2026-06-22 03:00,Group G,Group G,Belgium,Iran,SoFi Stadium,Los Angeles,Upcoming
38,2026-06-21,2026-06-22 09:00,Group G,Group G,New Zealand,Egypt,BC Place,Vancouver,Upcoming
39,2026-06-21,2026-06-22 06:00,Group H,Group H,Uruguay,Cape Verde,Hard Rock Stadium,Miami,Upcoming
40,2026-06-21,2026-06-22 00:00,Group H,Group H,Spain,Saudi Arabia,Mercedes-Benz Stadium,Atlanta,Upcoming
41,2026-06-22,2026-06-23 08:00,Group I,Group I,Norway,Senegal,MetLife Stadium,New York/New Jersey,Upcoming
42,2026-06-22,2026-06-23 05:00,Group I,Group I,France,Iraq,Lincoln Financial Field,Philadelphia,Upcoming
43,2026-06-22,2026-06-23 01:00,Group J,Group J,Argentina,Austria,AT&T Stadium,Dallas,Upcoming
44,2026-06-22,2026-06-23 11:00,Group J,Group J,Jordan,Algeria,Levi's Stadium,San Francisco Bay Area,Upcoming
45,2026-06-23,2026-06-24 01:00,Group K,Group K,Portugal,Uzbekistan,NRG Stadium,Houston,Upcoming
46,2026-06-23,2026-06-24 10:00,Group K,Group K,Colombia,DR Congo,Estadio Akron,Guadalajara,Upcoming
47,2026-06-23,2026-06-24 04:00,Group L,Group L,England,Ghana,Gillette Stadium,Boston,Upcoming
48,2026-06-23,2026-06-24 07:00,Group L,Group L,Panama,Croatia,BMO Field,Toronto,Upcoming
49,2026-06-24,2026-06-25 09:00,Group A,Group A,Czechia,Mexico,Estadio Azteca,Mexico City,Upcoming
50,2026-06-24,2026-06-25 09:00,Group A,Group A,South Africa,South Korea,Estadio BBVA,TBD,Upcoming
51,2026-06-24,2026-06-25 03:00,Group B,Group B,Switzerland,Canada,BC Place,Vancouver,Upcoming
52,2026-06-24,2026-06-25 03:00,Group B,Group B,Bosnia and Herzegovina,Qatar,Lumen Field,Seattle,Upcoming
53,2026-06-24,2026-06-25 06:00,Group C,Group C,Scotland,Brazil,Hard Rock Stadium,Miami,Upcoming
54,2026-06-24,2026-06-25 06:00,Group C,Group C,Morocco,Haiti,Mercedes-Benz Stadium,Atlanta,Upcoming
55,2026-06-25,2026-06-26 10:00,Group D,Group D,Turkiye,United States,SoFi Stadium,Los Angeles,Upcoming
56,2026-06-25,2026-06-26 10:00,Group D,Group D,Paraguay,Australia,Levi's Stadium,San Francisco Bay Area,Upcoming
57,2026-06-25,2026-06-26 04:00,Group E,Group E,Curacao,Ivory Coast,Lincoln Financial Field,Philadelphia,Upcoming
58,2026-06-25,2026-06-26 04:00,Group E,Group E,Ecuador,Germany,MetLife Stadium,New York/New Jersey,Upcoming
59,2026-06-25,2026-06-26 07:00,Group F,Group F,Japan,Sweden,AT&T Stadium,Dallas,Upcoming
60,2026-06-25,2026-06-26 07:00,Group F,Group F,Tunisia,Netherlands,Arrowhead Stadium,Kansas City,Upcoming
61,2026-06-26,2026-06-27 11:00,Group G,Group G,Egypt,Iran,Lumen Field,Seattle,Upcoming
62,2026-06-26,2026-06-27 11:00,Group G,Group G,New Zealand,Belgium,BC Place,Vancouver,Upcoming
63,2026-06-26,2026-06-27 08:00,Group H,Group H,Cape Verde,Saudi Arabia,NRG Stadium,Houston,Upcoming
64,2026-06-26,2026-06-27 08:00,Group H,Group H,Uruguay,Spain,Estadio Akron,Guadalajara,Upcoming
65,2026-06-26,2026-06-27 03:00,Group I,Group I,Norway,France,Gillette Stadium,Boston,Upcoming
66,2026-06-26,2026-06-27 03:00,Group I,Group I,Senegal,Iraq,BMO Field,Toronto,Upcoming
67,2026-06-27,2026-06-28 10:00,Group J,Group J,Algeria,Austria,Arrowhead Stadium,Kansas City,Upcoming
68,2026-06-27,2026-06-28 10:00,Group J,Group J,Jordan,Argentina,AT&T Stadium,Dallas,Upcoming
69,2026-06-27,2026-06-28 07:30,Group K,Group K,Colombia,Portugal,Hard Rock Stadium,Miami,Upcoming
70,2026-06-27,2026-06-28 07:30,Group K,Group K,DR Congo,Uzbekistan,Mercedes-Benz Stadium,Atlanta,Upcoming
71,2026-06-27,2026-06-28 05:00,Group L,Group L,Panama,England,MetLife Stadium,New York/New Jersey,Upcoming
72,2026-06-27,2026-06-28 05:00,Group L,Group L,Croatia,Ghana,Lincoln Financial Field,Philadelphia,Upcoming
73,2026-06-28,2026-06-29 03:00,Round of 32,,Runner-up Group A,Runner-up Group B,SoFi Stadium,Los Angeles,Upcoming
74,2026-06-29,2026-06-30 04:30,Round of 32,,Winner Group E,3rd Group A/B/C/D/F,Gillette Stadium,Boston,Upcoming
75,2026-06-29,2026-06-30 09:00,Round of 32,,Winner Group F,Runner-up Group C,Estadio BBVA,TBD,Upcoming
76,2026-06-29,2026-06-30 01:00,Round of 32,,Winner Group C,Runner-up Group F,NRG Stadium,Houston,Upcoming
77,2026-06-30,2026-07-01 05:00,Round of 32,,Winner Group I,3rd Group C/D/F/G/H,MetLife Stadium,New York/New Jersey,Upcoming
78,2026-06-30,2026-07-01 01:00,Round of 32,,Runner-up Group E,Runner-up Group I,AT&T Stadium,Dallas,Upcoming
79,2026-06-30,2026-07-01 09:00,Round of 32,,Winner Group A,3rd Group C/E/F/H/I,Estadio Azteca,Mexico City,Upcoming
80,2026-07-01,2026-07-02 00:00,Round of 32,,Winner Group L,3rd Group E/H/I/J/K,Mercedes-Benz Stadium,Atlanta,Upcoming
81,2026-07-01,2026-07-02 08:00,Round of 32,,Winner Group D,3rd Group B/E/F/I/J,Levi's Stadium,San Francisco Bay Area,Upcoming
82,2026-07-01,2026-07-02 04:00,Round of 32,,Winner Group G,3rd Group A/E/H/I/J,Lumen Field,Seattle,Upcoming
83,2026-07-02,2026-07-03 07:00,Round of 32,,Runner-up Group K,Runner-up Group L,BMO Field,Toronto,Upcoming
84,2026-07-02,2026-07-03 03:00,Round of 32,,Winner Group H,Runner-up Group J,SoFi Stadium,Los Angeles,Upcoming
85,2026-07-02,2026-07-03 11:00,Round of 32,,Winner Group B,3rd Group E/F/G/I/J,BC Place,Vancouver,Upcoming
86,2026-07-03,2026-07-04 06:00,Round of 32,,Winner Group J,Runner-up Group H,Hard Rock Stadium,Miami,Upcoming
87,2026-07-03,2026-07-04 09:30,Round of 32,,Winner Group K,3rd Group D/E/I/J/L,Arrowhead Stadium,Kansas City,Upcoming
88,2026-07-03,2026-07-04 02:00,Round of 32,,Runner-up Group D,Runner-up Group G,AT&T Stadium,Dallas,Upcoming
89,2026-07-04,2026-07-05 01:00,Round of 16,,Winner Match 74,Winner Match 77,Lincoln Financial Field,Philadelphia,Upcoming
90,2026-07-04,2026-07-05 05:00,Round of 16,,Winner Match 73,Winner Match 75,NRG Stadium,Houston,Upcoming
91,2026-07-05,2026-07-06 04:00,Round of 16,,Winner Match 76,Winner Match 78,MetLife Stadium,New York/New Jersey,Upcoming
92,2026-07-05,2026-07-06 08:00,Round of 16,,Winner Match 79,Winner Match 80,Estadio Azteca,Mexico City,Upcoming
93,2026-07-06,2026-07-07 03:00,Round of 16,,Winner Match 83,Winner Match 84,AT&T Stadium,Dallas,Upcoming
94,2026-07-06,2026-07-07 08:00,Round of 16,,Winner Match 81,Winner Match 82,Lumen Field,Seattle,Upcoming
95,2026-07-07,2026-07-08 00:00,Round of 16,,Winner Match 86,Winner Match 88,Mercedes-Benz Stadium,Atlanta,Upcoming
96,2026-07-07,2026-07-08 04:00,Round of 16,,Winner Match 85,Winner Match 87,BC Place,Vancouver,Upcoming
97,2026-07-09,2026-07-10 04:00,Quarter-finals,,Winner Match 89,Winner Match 90,Gillette Stadium,Boston,Upcoming
98,2026-07-10,2026-07-11 03:00,Quarter-finals,,Winner Match 93,Winner Match 94,SoFi Stadium,Los Angeles,Upcoming
99,2026-07-11,2026-07-12 05:00,Quarter-finals,,Winner Match 91,Winner Match 92,Hard Rock Stadium,Miami,Upcoming
100,2026-07-11,2026-07-12 09:00,Quarter-finals,,Winner Match 95,Winner Match 96,Arrowhead Stadium,Kansas City,Upcoming
101,2026-07-14,2026-07-15 03:00,Semi-finals,,Winner Match 97,Winner Match 98,AT&T Stadium,Dallas,Upcoming
102,2026-07-15,2026-07-16 03:00,Semi-finals,,Winner Match 99,Winner Match 100,Mercedes-Benz Stadium,Atlanta,Upcoming
103,2026-07-18,2026-07-19 05:00,Third-place play-off,,Loser Match 101,Loser Match 102,Hard Rock Stadium,Miami,Upcoming
104,2026-07-19,2026-07-20 03:00,Final,,Winner Match 101,Winner Match 102,MetLife Stadium,New York/New Jersey,Upcoming
